compartment,region,metric,hc_mean,sci_mean,unadj_t,unadj_p,unadj_p_fdr,cohen_d,adj_diff,adj_t,adj_p,adj_p_fdr,partial_eta2,dof
whole-brain,whole-brain,CVR,-0.0295,-0.025,-0.257,0.7983,0.7983,-0.0758,0.0245,1.1868,0.242,0.242,0.0324,42
cortex,Visual,CVR,0.1294,0.0958,0.399,0.6921,0.8359,0.1176,0.0306,0.3056,0.7614,0.8883,0.0022,42
cortex,Somatomotor,CVR,0.0701,0.1987,-1.7186,0.0927,0.6492,-0.5068,0.1258,1.3238,0.1927,0.6746,0.0401,42
cortex,DorsAttn,CVR,0.1737,0.2357,-1.1008,0.2774,0.8359,-0.3246,0.114,1.6853,0.0994,0.6746,0.0633,42
cortex,VentAttn/Sal,CVR,0.1277,0.1491,-0.3905,0.6983,0.8359,-0.1151,0.0421,0.6029,0.5498,0.8883,0.0086,42
cortex,Limbic,CVR,-0.0582,-0.0387,-0.3655,0.7165,0.8359,-0.1078,0.0379,0.5767,0.5672,0.8883,0.0079,42
cortex,Control/FP,CVR,0.277,0.2723,0.0749,0.9406,0.9406,0.0221,0.026,0.3418,0.7342,0.8883,0.0028,42
cortex,Default,CVR,0.1273,0.1074,0.4371,0.6643,0.8359,0.1289,-0.0068,-0.1177,0.9069,0.9069,0.0003,42
subcortex,Thalamus,CVR,-0.0125,0.0009,-0.27,0.7884,0.7884,-0.0796,0.007,0.1167,0.9076,0.9076,0.0003,42
subcortex,Caudate,CVR,-0.272,-0.3413,1.619,0.1126,0.2916,0.4774,-0.049,-0.9172,0.3643,0.6375,0.0196,42
subcortex,Putamen,CVR,-0.1832,-0.2438,1.6174,0.1152,0.2916,0.4769,-0.0634,-1.3269,0.1917,0.6375,0.0402,42
subcortex,Pallidum,CVR,-0.1998,-0.2677,1.5738,0.125,0.2916,0.4641,-0.093,-1.7434,0.0886,0.6201,0.0675,42
subcortex,Accumbens,CVR,-0.245,-0.266,0.4324,0.6678,0.7791,0.1275,-0.0362,-0.5853,0.5614,0.786,0.0081,42
subcortex,Hippocampus,CVR,-0.3209,-0.3512,0.774,0.4438,0.6213,0.2282,-0.0099,-0.1995,0.8428,0.9076,0.0009,42
subcortex,Amygdala,CVR,-0.298,-0.2427,-1.0706,0.2906,0.5085,-0.3157,0.0704,1.0717,0.29,0.6375,0.0266,42
mca,MCA-total,CVR,0.0759,0.1288,-1.8938,0.065,0.065,-0.5585,0.0904,2.8453,0.0068,0.0068,0.1616,42
whole-brain,whole-brain,BAT,-0.0638,-0.0391,-1.4744,0.1475,0.1475,-0.4348,-0.0015,-0.0757,0.94,0.94,0.0001,42
cortex,Visual,BAT,-0.2582,-0.2709,0.2936,0.7705,0.8724,0.0866,-0.0067,-0.1236,0.9022,0.9409,0.0004,42
cortex,Somatomotor,BAT,-0.1857,-0.2375,1.0745,0.2886,0.6255,0.3168,-0.0603,-0.9854,0.3301,0.5776,0.0226,42
cortex,DorsAttn,BAT,-0.2765,-0.2712,-0.1617,0.8724,0.8724,-0.0477,-0.0218,-0.5321,0.5974,0.8364,0.0067,42
cortex,VentAttn/Sal,BAT,-0.3474,-0.3318,-0.6231,0.5364,0.751,-0.1837,0.0024,0.0745,0.9409,0.9409,0.0001,42
cortex,Limbic,BAT,0.3423,0.2926,0.9307,0.3575,0.6255,0.2744,-0.0916,-1.3654,0.1794,0.4849,0.0425,42
cortex,Control/FP,BAT,-0.3818,-0.3479,-1.4379,0.1577,0.6255,-0.424,0.0421,1.4833,0.1455,0.4849,0.0498,42
cortex,Default,BAT,-0.254,-0.2271,-1.0686,0.2915,0.6255,-0.3151,0.0397,1.2792,0.2078,0.4849,0.0375,42
subcortex,Thalamus,BAT,-0.1257,0.0022,-1.4209,0.1626,0.7333,-0.419,0.1117,1.0327,0.3077,0.7179,0.0248,42
subcortex,Caudate,BAT,-0.0974,0.0356,-1.2736,0.2095,0.7333,-0.3755,0.0191,0.1498,0.8817,0.9736,0.0005,42
subcortex,Putamen,BAT,-0.4242,-0.3766,-0.5806,0.5645,0.8146,-0.1712,0.0035,0.0334,0.9736,0.9736,0.0,42
subcortex,Pallidum,BAT,-0.0156,0.0126,-0.3716,0.712,0.8146,-0.1096,0.0344,0.3559,0.7237,0.9736,0.003,42
subcortex,Accumbens,BAT,-0.2875,-0.2557,-0.3509,0.7273,0.8146,-0.1035,-0.1572,-1.5231,0.1352,0.7179,0.0523,42
subcortex,Hippocampus,BAT,0.2626,0.2461,0.2386,0.8125,0.8146,0.0704,-0.1006,-1.1879,0.2415,0.7179,0.0325,42
subcortex,Amygdala,BAT,0.4635,0.478,-0.2359,0.8146,0.8146,-0.0696,0.0195,0.2506,0.8034,0.9736,0.0015,42
mca,MCA-total,BAT,-0.2253,-0.232,0.3337,0.7402,0.7402,0.0984,-0.0244,-0.9824,0.3315,0.3315,0.0225,42
