group,subject,age,motion,whole-brain|CVR,whole-brain|BAT,Visual|CVR,Visual|BAT,Somatomotor|CVR,Somatomotor|BAT,DorsAttn|CVR,DorsAttn|BAT,VentAttn/Sal|CVR,VentAttn/Sal|BAT,Limbic|CVR,Limbic|BAT,Control/FP|CVR,Control/FP|BAT,Default|CVR,Default|BAT,Thalamus|CVR,Thalamus|BAT,Caudate|CVR,Caudate|BAT,Putamen|CVR,Putamen|BAT,Pallidum|CVR,Pallidum|BAT,Accumbens|CVR,Accumbens|BAT,Hippocampus|CVR,Hippocampus|BAT,Amygdala|CVR,Amygdala|BAT,MCA-total|CVR,MCA-total|BAT
HC,14275,41.0,0.0,-0.05850520839853906,-0.08053893848301813,0.1625854540301039,-0.33226478869938825,0.2513372700757477,0.0037895712869268658,0.19434564106019162,-0.20025162543445207,0.03623994427210345,-0.2946089798287286,-0.08121882643505346,0.04411817659399895,0.1139665482915336,-0.41729192594358583,-0.01949253809508285,-0.3445403006040579,0.14121113413376363,-0.11398481007880934,-0.16297558378897717,-0.13074679240348328,-0.1578108326895721,-0.5008725064532729,-0.27567571696750065,-0.019810957339359447,-0.37626019766668917,-0.754737642137577,-0.19261582424859813,0.35693671576989866,-0.06481953150592744,0.2318071734803098,0.11268547533084991,-0.22482408941719406
HC,15883,40.0,0.0,-0.04819555733471348,-0.07067696421336511,0.5360847914845382,-0.4844784821649597,0.06686114614737068,-0.1856238951073013,0.08899407729319281,-0.3300987793401041,0.020342865914117908,-0.31960728791911835,-0.11903937549891644,0.3257589708771483,0.05192636995560273,-0.3795910862421861,-0.004257493704676398,-0.25429697310492827,0.2240742495466797,-0.2619669785748766,-0.4097915931568183,0.3470433858002058,-0.2905670983119,-0.24062769493155006,-0.34257397658633765,0.16675973739186914,0.03141653771461282,-0.5064423872249587,-0.5139416371414517,0.5617001817407974,-0.42163507187506183,0.4191588974804167,0.08558440393054155,-0.2730067929897286
HC,21427,43.0,0.0,-0.10898620651798002,-0.11082322755030627,0.2202199270174214,-0.14906434058136867,-0.2102766860361975,0.00549483857263803,-0.04225872935624643,-0.01610963599965465,0.021099105184287495,-0.3452533942378437,-0.16028243765284889,0.27871186245927115,-0.044643484026459505,-0.4248347907052644,-0.0330168246287419,-0.3726051578061639,0.15399293306405962,-0.6896244208770769,-0.05663231938081352,-0.8861876069899652,-0.08163834223669333,-0.866965415131242,-0.12701064858390396,-0.004547808710615047,-0.31814388157938844,-0.7353906521048925,-0.4713322244412703,0.39787250861496704,-0.45308101888085084,0.36009878443223575,-0.022407334333655552,-0.1913408030854939
HC,28728,33.0,0.0,-0.026928381579945482,-0.15542993923310244,0.07417354111156527,-0.28200374881418017,-0.19293923318937303,0.008431654689268831,0.0857842965956221,-0.33004446592388614,0.05755862770502754,-0.24439963541234333,0.029843416192900034,-0.016998491507137673,0.18240916586130618,-0.4735057024738878,0.35475644284431707,-0.28742643623556047,-0.16593547747313084,-0.22582711747363496,-0.3015333853076102,-0.6373711156318118,-0.33960916607271463,-0.6336545173554456,-0.36428657085681804,-0.14928773350218744,-0.34146906642604674,-0.08542427558794144,-0.15359438935580882,0.4022190900566593,-0.03850556885308658,0.3758109545351697,0.018867230069057137,-0.28288393986398275
HC,74017,42.0,3.0,-0.09227400827265642,-0.03244093570024187,-0.06229384789226796,-0.20871067547052838,0.06522595087027125,-0.24889660422030835,0.09651432253747909,-0.36323863994456435,0.03863287332453764,-0.35974746374756256,0.010939952952620494,0.5118104805236143,0.1466074801889307,-0.4014540145961843,0.15175951465745594,-0.30725979499978834,0.09025414733224507,-0.27179841035238167,-0.569628560491991,0.22039222568753555,-0.3084255899396595,-0.4654180408561138,-0.2752608435647092,0.12438919075418997,-0.1592647343922819,-0.2436652436158307,-0.3353623870793392,0.3322684892811635,-0.11314162580532983,0.4974432259795046,0.03246218021901455,-0.25205944318974555
HC,79104,53.0,1.0,-0.03861753228828834,-0.19023581763621042,-0.24426581103820919,-0.13124988254598435,-0.13038806339680578,-0.2908004525761413,-0.09471574682694404,-0.3480906341343214,-0.10391287568592222,-0.457690806433558,-0.03236413256632162,0.1445939751920171,0.23627738235629625,-0.5095751288144922,0.2406394067884701,-0.35739827847929456,0.3552701866362037,-0.4827511479330266,0.09387418535899898,-0.5952740350657011,-0.17755873090302332,-0.8948242087961706,-0.1723102542514104,-0.45928963236369647,-0.11793656654627915,-0.47257893358934117,-0.432828567722642,0.03704731146549529,-0.35814902470326954,0.21302248681369687,-0.03656253981206349,-0.29822149387077673
HC,94316,28.0,0.0,0.010913957053694053,-0.0778297273049152,0.03100418885085194,-0.25973836306873466,0.6229917964303427,-0.35011753790419586,0.28020765546277443,-0.2993466656648639,0.43925869258054434,-0.4626210949839871,-0.11978081512727508,0.33086338283471606,0.2066518319522738,-0.3278201401226348,0.06851831744870776,-0.21283987406416122,-0.031167808033634007,-0.20699768044168565,-0.388623142206208,0.12778632848819976,-0.13374503961868356,-0.6213234336535116,-0.3440986908584212,0.19165638747926086,-0.20694830040346418,-0.5591444253479304,-0.44602920235681426,0.3915585477212363,-0.21595631378853034,0.5068592469269529,0.2562144028337499,-0.27521719887523727
HC,nc20120830jm,50.0,0.0,-0.1227722849009416,-0.032294785254947674,-0.0020268431324901885,-0.20610762104086955,0.06209335480823919,-0.2527674349628934,0.20332142286818372,-0.32032756462835565,-0.01021974819023111,-0.25277688727308883,-0.3192745901779777,0.5448799721181784,0.21840466558530225,-0.4311025995230595,-0.05121701988083422,-0.2584239140616791,-0.19935485037938808,-0.039333209913906576,-0.3244104378737458,-0.04364385482383541,-0.312604000991047,-0.288091044524129,-0.2920780472429187,0.26350361349518564,0.04068061932509829,0.029186578605405696,-0.2599474667398454,0.24476621981376287,-0.2872294875789779,0.4599330944120283,0.003502787212279698,-0.1850034317431078
HC,nc20130501bg,41.0,1.8,0.05028176035153504,-0.04671477937608882,0.08520946383936806,-0.28941098979069224,0.3082807285690199,-0.49317832935675093,0.4152979731095864,-0.3887611522547666,0.524392057683941,-0.45108823034569207,-0.2554160017810324,0.8040826390479923,0.6566786606511777,-0.4132095760406167,0.18193688588607151,-0.2538299370638496,-0.20134896924892517,0.47820445790438687,-0.44049305717612236,0.37417507805828376,-0.11950684625813472,-0.4299343606425051,-0.289049293831781,-0.02263462911959681,-0.31502628344399575,-0.1593391041116313,-0.5466091572766342,0.4660434147185975,-0.32371373152743366,0.47001357540638455,0.1517439338688386,-0.23496534996113755
HC,nc20131030jka,29.0,0.8,0.06898839732312068,-0.0782860085003548,1.138456288882622,-0.4427637116070923,0.7885881170436285,-0.3298953903708027,0.3364276989712347,-0.39408778173980885,0.17313320371661708,-0.335666895742187,-0.22899901148816226,0.37493301161768827,0.17419787821145544,-0.2918304143333027,-0.1024476159469276,-0.1487812401919529,-0.17705388235745817,-0.17678088852967153,-0.46691261593491934,0.12906951253900184,-0.09858275710318837,-0.5693624711590717,-0.26031518169805745,-0.3424392238775541,-0.4036573204507273,-0.13972243239213503,-0.4340267842962171,0.37470229347147616,-0.3314626604582994,0.4211492403063382,0.2712160654704255,-0.270419529015631
HC,nc20131031jkb,36.0,0.0,-0.0009961023130687274,0.016872107148685343,0.3436496501936848,-0.20575237680301617,0.024441472550152457,-0.1588240200638605,0.3375223854117928,-0.20686130769899846,-0.10253388319992991,-0.26579074300288025,-0.12161991416278313,0.5334286856358219,0.35148890963723245,-0.34522580313210816,0.21070753861295796,-0.33372388175242407,0.1325956337258432,-0.25334952949928446,-0.32901816177266024,-0.008316139566121221,-0.3976009514056559,-0.46110487528229976,-0.391570604998957,-0.06536455709261424,-0.4256895696466316,-0.07927884084325451,-0.1675218408419838,0.31762288373011943,-0.3714018238648292,0.7495684638186808,0.16535340106449026,-0.1883148009593372
HC,nckirby127,30.0,1.4,0.023459527399877417,-0.07980846911739314,-0.21749291990658118,-0.3760135489429056,-0.1357755501567525,-0.052619221223103876,0.28856410277627176,-0.2925082017833026,0.08865430316855841,-0.24168921953007128,0.08304789649700607,0.19319927093072714,0.5381463489970328,-0.4054230040364965,0.49377834657943415,-0.20205182644251496,-0.24493862149779677,0.20442982167844811,-0.19948488994829128,0.11324680793630088,-0.2300784511759305,-0.5831033447723547,-0.052082426595337565,-0.4090216336507266,0.054483754010704356,-0.4844430481227473,-0.3457335855305105,0.18184043030106029,-0.2674944785561398,0.28131316983801946,0.08540145032785955,-0.21771098329537894
HC,nckirby142,28.0,0.0,0.02754007626442033,-0.06934654140707021,0.6523084208295813,-0.3668410782400819,0.053804410771232845,-0.22243709750577786,0.16037945883609844,-0.24010753082667216,0.22477457421511987,-0.36956013153546174,0.10395214088107603,0.19711451542853156,0.12396618643738395,-0.26785541689281467,0.1447750727977863,-0.27682555715357227,-0.13643830461315434,-0.17331042144455774,-0.2022084067852754,-0.1190135047665137,-0.008270555479341047,-0.4779939502195218,-0.17765788111709566,0.09874072426787785,-0.2258729725101365,-0.34374193706156153,-0.19006074943242474,-0.07343946699959228,-0.05762654404336166,0.5201135593185562,0.1566498441358866,-0.2612598888622332
HC,nckirby422,26.0,0.0,0.003928153976953449,-0.04252633703990084,-0.09939230716467555,0.02085796494199433,-0.22385892802177293,-0.16817820941331663,0.20645892075836042,-0.2446106824512225,0.084079840161503,-0.44005221183902965,-0.04992194909918868,0.3004269142985807,0.8377749750235952,-0.37707708556636604,0.3009603928979895,-0.2702525703813229,0.13211888057219628,0.08582422765243808,-0.11828829963542085,-0.1729195855886257,-0.20071925782020855,-0.6721209549624247,-0.1688442571379563,-0.2857237780543698,-0.2178239410129222,-0.3437205426301112,-0.3549567542714888,0.10015496168999019,-0.4027255260367172,0.4092912366696363,0.105597482714634,-0.23033895339953522
HC,nckirby492,26.0,0.0,0.00939668625502467,-0.07618987453405186,0.541482744352537,-0.46650545609352323,0.022738768588374664,-0.0015872424740225877,0.5377278272333776,-0.36903851176355523,0.44310661508595084,-0.2521959190233442,-0.39985285235575746,0.5427916775462315,0.28418794731990954,-0.22856640329969768,-0.072911961482568,-0.06226775406444352,-0.14249784299926585,-0.22186601509198453,-0.12679432496684825,-0.5727475961507223,0.1618612457006093,-0.46906684896794226,-0.10688992958537048,-0.21479649858483385,0.1117127070315495,-0.7845903292787869,-0.49177872101906883,0.3153375298799102,-0.45888867265274447,0.4820780382865679,0.10796201721868492,-0.13040185132015783
HC,nckirby505,42.0,1.4,-0.05532917708461537,-0.038081141666541155,0.10442060847050347,-0.4090582287137616,-0.08659587257540115,-0.08566778190345792,0.05478196017344658,-0.29155824965439475,0.030308286437581558,-0.29314138923450805,-0.21692991208862109,0.7054755079692734,0.2396373539839321,-0.3393539026705384,0.1739518578485532,-0.23961530050537685,0.15533081243576294,-0.14751843103919937,-0.21535085723234348,-0.2308521046302965,-0.013593132957557994,-0.13881648183446338,0.10998869018937577,0.03445116263835437,-0.2148209182821201,0.06426492657572372,-0.2697760931694246,0.03028121210374555,-0.46826838200127013,0.6735449901757942,0.012186360860080419,-0.16957022344741543
HC,nckirby656,32.0,0.0,-0.04247076643989965,-0.05149699035992457,-0.19731884239659972,-0.152643074305168,-0.15339160994770823,-0.09761390695934077,0.10372213221151591,-0.201414033750278,0.04072059721043992,-0.4052427237981614,0.08152501965319585,0.20654705115046518,0.4323024862429621,-0.3788457704227634,0.006511611266060455,-0.23472496853832972,-0.11169329962248585,0.31998623891383204,-0.1728123002920664,0.1168271288487023,0.1878406086467507,0.38038127349481443,0.25458733772981273,0.6641851743092911,-0.5711401940893326,0.21687861735786576,-0.3358029895986761,0.42674527493970305,-0.4242274202526577,1.0100640751084973,-0.0058079285436397855,-0.14276121888577306
HC,nckirby814,34.0,0.0,-0.17804382255144163,-0.18635837744564274,-0.1835099648161084,-0.2957217635233385,-0.017326568714476038,-0.5265499510603473,-0.13037505900597662,-0.41817661239419757,-0.18530209610636586,-0.513837942193312,0.09226993658006032,0.22282309869365374,0.033015474172587746,-0.6121007094094891,-0.06897257725459305,-0.49933570861069326,-0.05846094497279281,-0.7220077542218695,-0.34798679593622667,-0.3316857008217447,-0.37025289118416194,-0.39531990835210684,-0.3972708879619592,-0.3376051390266065,-0.38015754053841777,-0.4192079144480913,-0.34002171560334343,-0.19249385008752706,-0.32223829031230944,0.23290952416767757,-0.07716718974568337,-0.46175122607624725
HC,nckirby849,25.0,0.2,-0.023686964749675278,0.01264316609036998,0.19232913335199878,-0.1883423659113112,0.0525217281729133,-0.06009827851556946,0.13224618814775688,-0.22997220246068206,0.5997904647780231,-0.3049605721852972,-0.20421472041894992,0.4059670608882338,0.16515021759813303,-0.26914515729825994,0.3499886088257348,-0.22676801002962474,0.0828032566649128,0.10314980237659162,-0.38093530191068997,-0.1893383261953519,-0.2287815769580997,-0.14290752125046788,-0.3243115659840781,0.3615138575348255,-0.37668626727675325,-0.22262218860503627,-0.5070982039049287,0.30252166168924816,-0.42047861190753116,0.4294804353678539,0.12415405292169046,-0.144392342278405
HC,nckirby913,25.0,0.0,-0.060499245831177814,0.03805373848287386,0.1579925611502253,-0.2629068857003823,-0.1535692983613119,-0.07362399081735563,0.21356132553764406,-0.18649157508857073,-0.09445458661004795,-0.2548006420382998,0.1221318058483738,0.4738237781040522,0.3077351663484524,-0.3304991850817576,0.0038099914546305164,-0.13877431537241686,-0.15882507693642992,-0.060576004516890526,-0.41423495089700574,0.5657046941986384,-0.38983461171545936,-0.24757887220899152,-0.4600349756879638,0.07227042564214442,-0.2759966967551823,-0.16199603434647747,0.14209905371175177,-0.17269433690045602,-0.05375613309379156,0.06525341619376934,0.02954903852858714,-0.16315397311025237
HC,nckirby916,30.0,1.2,-0.03324616331424325,0.00506361932703599,0.0524154323747488,-0.22129419093331604,0.19577893668351298,-0.204873513061738,0.22590530873846384,-0.21312481224126728,0.11016080656121373,-0.25130155043297414,-0.09764497667061764,0.366964270941571,0.4078841714161967,-0.30900409278845686,0.14063930037134081,-0.13867102485496763,-0.15701239114857451,0.027622649532764457,-0.21306435424858244,0.06987309798857595,-0.2879464486716571,-0.36160788616505435,-0.25518870623159046,-0.27805963102281284,-0.5169909900721552,-0.04845032419939004,-0.18109238823698773,0.4169423172762986,-0.5455999561026692,0.5755344529283203,0.056669192166536896,-0.19692401307187665
HC,nckirby934,61.0,1.4,0.03234045818438101,-0.03818211913360261,-0.07472349440840431,-0.18772867201846266,0.4121110018346148,-0.2715328071912037,0.31773682709189605,-0.24049338318551497,0.4392974667967844,-0.4271342889356235,0.3244678256802496,0.12439407939349163,0.35129704701231035,-0.39240213660514395,0.11889744498497822,-0.117178042772666,-0.0711732802077498,-0.04547452633401004,-0.24507409054189044,-0.2768532443455372,-0.15158371021927075,-0.21368272971511418,0.0854803163621744,0.27861432842804457,-0.3753514008070064,0.16896177467554738,-0.2547556386347505,0.6384679054824804,-0.17658493791106006,0.6452208188599756,0.0949901211183488,-0.19952420593066778
HC,nckirby959,38.0,0.0,-0.014652404400397586,-0.0818183734288698,-0.23428835911126572,-0.0411035430234684,-0.010155538700659555,-0.21293633009861673,-0.017158402754331153,-0.2340186947155567,0.06102617905051665,-0.4474979987006599,0.21873407536876535,0.25775479038560284,0.3554103827076948,-0.45598952081108535,0.3384634623757004,-0.3046965278136881,0.10148955211417145,-0.016649782761680946,-0.2643314458750976,-0.11008667046160661,-0.2635024054426321,-0.4622513858191649,0.03030215188592785,-0.027289505989756435,-0.05375945736485127,-0.5479601810568138,-0.2974596853762363,0.18298532262654363,-0.27600333647618464,0.631480394036419,0.017581827431704514,-0.18858118577952496
SCI,13152,54.0,7.1,0.00570441992540192,-0.02567772780426135,-0.0383214563686903,-0.2983303930196606,0.6650167601098123,-0.20246325053653288,0.13903513204146745,-0.289718682809342,0.45861449956710765,-0.2912312818101639,-0.06876338017499616,0.34616029907873397,0.11266120191311832,-0.3520987312836856,0.11119401705023557,-0.24495284063539385,-0.008849906012864691,0.2006874024398682,-0.2495044828720718,0.19605464404352368,-0.20619731793726678,-0.007012954170188419,-0.18919767633861287,0.30624530712410697,-0.40218452201746124,0.2896159650161063,-0.36249111305018333,0.29100931610505093,-0.2957574664185109,0.4110365397615298,0.18695403675728714,-0.17814512760409118
SCI,182576_01,24.0,0.7,0.08932401958898259,-0.060249012341520816,-0.02358591359454143,-0.15710941944629275,0.5673626180675776,-0.43529688447780235,0.7381758922398965,-0.30441264251769007,0.39009112798096196,-0.27714226720712004,0.2068966403806802,-0.04185001923569154,0.5691029894393403,-0.34496076547895893,0.18516699853505322,-0.20105065967516494,-0.3814448474402065,0.673225473203696,-0.5250108054622327,0.5533929074244469,-0.29490565886583786,0.05257115301603703,-0.2762534954500469,0.2718958347354371,-0.3681946225479982,-0.13373793985732874,-0.4246545899597374,0.3093561774469735,-0.3652178639531015,0.63164741370151,0.31331069558441627,-0.2466551762011793
SCI,182576_03,30.0,3.9,0.12569178162814382,-0.05503745135326102,0.10823728153487147,-0.21657945326505437,0.44226610692780294,-0.2936986936805056,0.7923047328475423,-0.3714540425661247,0.41806816529356955,-0.49654310927916945,-0.09264953342238243,0.10113787573909422,0.9920297944802003,-0.3576167792878222,0.43515148406260706,-0.2790875009533992,-0.03343729386776635,0.37878932543214205,-0.4891816290401271,0.2895660651180899,-0.38402097103310695,-0.24602879546249548,-0.4606158399973253,-0.04698794737965047,-0.4572446064314624,-0.27086987801538187,-0.3347492185301227,0.05890944179819992,-0.18091031790943815,0.20239321585023595,0.3694819791910863,-0.27909195230307043
SCI,182576_08,65.0,2.7,-0.048360501875021264,-0.060399364615791096,-0.056258374571211626,-0.15361717390884827,0.2652431220713174,-0.18817293497427054,0.12074512993516151,-0.36340592599567184,0.18681243252688107,-0.3674344816952022,0.13445129372960435,0.13011524573111882,0.15629780063659635,-0.41147704432544296,0.07355504194759913,-0.34858455651815123,-0.038026451295806236,0.3241342000211069,-0.5695365725865036,0.5427820715120688,-0.30272573190126717,0.013125854825892552,-0.21848719334465008,0.3173838762353019,-0.45135926739260585,0.1653203327532809,-0.24394013989554425,0.4107672444729455,-0.15745375119735516,0.44828784682817996,0.0906680382292145,-0.21327563645001696
SCI,2432,53.0,1.5,-0.07914075255171386,-0.03902419928658927,0.015473714883296241,-0.23148464258354906,0.16535067953692859,-0.005026885564155383,0.09104740454412674,-0.10394740449588759,0.1491688568872318,-0.2997682653179777,-0.13023272721991505,0.3551942206232296,0.08971412584545385,-0.3025742234974008,-0.03517905355741278,-0.30863576635183576,0.09199692448834744,-0.21852914740928656,-0.319294544090935,0.22552707239759812,-0.25658575413898593,-0.1813900624726252,-0.22411982555852525,-0.012579366876367442,-0.26974251737588767,-0.26945918553474935,-0.35049899421126735,-0.13712222344252764,-0.29939523495343184,0.560670520415109,0.06039437839416039,-0.20286380065559514
SCI,37442,52.0,7.3,-0.07820834545363532,0.02839111626892885,0.05451665172127257,-0.4386822930620945,0.10400750849862628,-0.2612617956818455,0.07877538896793707,-0.03890330280326082,0.11782180651129898,-0.3108444937953262,-0.01683910069168896,0.17831637403513795,0.24522160759127085,-0.21412320213456182,0.15471043177821903,-0.23503326993235105,-0.059510138253098796,-0.2508032574446817,-0.36573457923657426,0.1906109982878801,-0.23528961994186257,-0.28699054884930475,-0.2543969180833576,0.03380913373037016,-0.2783945243307841,0.1457748559890871,-0.35570822013494285,0.6252177820873365,-0.3087632935488176,0.43581778434405644,0.02137803325190357,-0.23618151679890642
SCI,55140,29.0,1.2,0.022261068458424592,-0.08885157215606072,0.17308909022473243,-0.3453115771952267,0.27425698400428206,-0.5742578710665391,0.2755371158442929,-0.4229790329469757,0.1340537230230347,-0.5046486481550807,0.08386395195368591,0.12332495102237885,0.5168079789159661,-0.3515679630289888,0.31953456275371717,-0.22641632855924848,0.05936306360632752,0.255244075891559,-0.3747820050490765,0.03227408357322371,-0.26256326166984734,-0.46618506581803826,-0.3069114135401888,-0.08244200656072924,-0.18251339201259412,-0.7347425210312245,-0.3178236727521105,0.27528755147515643,-0.03045319084284617,0.31873565909122265,0.21674781960849657,-0.325124236349092
SCI,60970,44.0,6.6,-0.06108929047755042,0.0059646800262430485,-0.02916904651944761,-0.2607271906640052,0.468688086021927,-0.23337094141882522,0.4624746930794005,-0.363435691559594,0.20196454789512883,-0.37337825394784463,-0.1904632898475203,0.5858762843159673,0.30721630921624987,-0.48268047074791565,-0.04396122213089694,-0.30993909199183106,0.05283201243007026,-0.21014342172275174,-0.36712372233081747,0.014982416682112585,-0.23435907563191627,-0.430777803658119,-0.24257227258093542,-0.2283391102374122,-0.2296944035824437,-0.1204331702445877,-0.5620341067630837,0.3613372585517297,-0.5970281186026911,0.7737278276919237,0.15083689479414097,-0.22492159012789642
SCI,72236,49.0,3.9,-0.07458633138258748,-0.08381748178359595,0.11358732529305554,-0.07905810329618188,-0.08310628789192885,0.0892772197281362,0.023775664003204647,-0.18291418134544482,-0.06760763252238561,-0.2559325195730498,0.18907957471231376,0.03061685392535621,0.08917125892596817,-0.4512857325023472,0.10619876571499318,-0.31893525436882714,0.0425648104234339,-0.09739023047622149,-0.3046997063372613,-0.4249538105006174,-0.192174969715702,-0.7322020767433964,-0.20245163257920532,-0.24182794145378989,-0.11314654038429961,-0.5090689562923977,-0.24897977952658326,0.11199961203238286,0.3498096469447257,0.09596263007200774,0.07206957939918181,-0.23277405162732134
SCI,95197,36.0,1.0,-0.049672754552745835,-0.07268979798195711,-0.19893222645484354,-0.17164016930958642,-0.018157306603901326,-0.12848768323936452,-0.01087475221282333,-0.0889690331057589,0.01760547139409423,-0.47627795804595946,0.2988816744781557,0.22154695455816437,0.2328040231913166,-0.3862946167260655,0.3918434075739739,-0.35998403482350655,-0.0909555787207047,-0.3585986067881631,-0.10923206762734337,-0.5277135974787449,-0.21475216495586438,-0.8118997979834035,-0.31862582820303026,-0.13581376988381957,-0.03818924549781134,-0.24322041807024664,-0.17902867401672096,0.25733018468993685,0.04310699607756349,0.34732060039506085,0.07152866151040027,-0.2787443223601881
SCI,sci20110427pr,57.0,1.1,-0.012618090247161736,-0.10136666568274762,0.20695771283750236,-0.3432582333952731,0.2653067877637051,-0.26372089525947945,0.1449728975561118,-0.28386421082566277,0.19160054992824618,-0.3552380953879573,-0.2770593212362104,0.5595251898116967,0.11776710335815335,-0.4388521651217716,0.1615686411883168,-0.17380033578434304,0.48680882196018344,-0.8559829618197371,-0.06482830481043562,-0.6064697137258612,-0.0962407478742092,-0.9382223177557454,-0.12497941092721768,-0.2147343046854443,-0.24926075086418067,-0.7775880731746498,-0.4060886297920582,0.08442889415326107,-0.4507498454530874,0.5236104104128636,0.09187418668604541,-0.23223422485565315
SCI,sci20120308ls,61.0,2.6,-0.032225573837357906,-0.08613278525129543,0.13822610637451985,-0.45922468469794975,-0.014360668557129997,-0.21325287187020328,0.29911005808909696,-0.3162238749778075,0.00936607448334654,-0.1911928181591735,0.24476867701435145,0.34087416118900626,0.0909470640032813,-0.4338673473108654,0.0283676986900464,-0.21686773736796838,-0.09585343016912456,-0.3648551872335633,-0.3744942025908969,-0.17538284959259673,-0.2527560272324876,-0.8131853057334081,-0.2668452376875678,-0.49607934201409043,-0.17443550007911696,-0.19913368486628152,-0.39782013654275006,-0.021434493337592272,-0.2346424533022312,0.26490335874484794,0.09252837597876878,-0.30032312162000674
SCI,sci20120406mp,46.0,5.7,-0.016505842846760967,-0.03811851020733346,-0.016616415167173864,-0.3526508427796268,0.050811012613551275,-0.14134987678368538,0.16923945759763098,-0.14894978600373213,-0.008442507607945992,-0.2941548623574036,0.13886512189427164,0.24183305352100348,0.451448509501435,-0.38209556662276967,0.19540008179557472,-0.29311944482679236,-0.19275927395801193,0.27221177645503253,-0.4771100500200517,0.11852494216826917,-0.31714840967786717,-0.37974355337975246,-0.38896000679968057,0.07438508160953232,-0.007586219723756883,-0.49196889856917114,-0.1381896156447224,0.00613192386100172,-0.09401495876057343,0.4567396368472386,0.10366589764221766,-0.20701060786495956
SCI,sci20120621cb,30.0,5.5,0.03107195844875073,0.04138824117564218,0.20159849241408245,-0.26324818755076196,0.07401916703716661,-0.11167916208666494,0.3674369039044684,-0.13962058175412295,0.09330540478740812,-0.2834898762978002,-0.09215971570682159,0.2884801778815271,0.4287727637434659,-0.2685310503493111,0.22869708692172627,-0.20093744048028755,-0.037624804674107504,0.3480718799219858,-0.31300497950796,0.35193844597950463,-0.07943643927767348,-0.2479680336504822,-0.22469280316315668,0.02486003018595805,-0.19585946029218942,-0.33393046886416033,-0.4109817781724105,0.272572602008173,-0.2874284408454813,0.45555718922912475,0.19717886336518586,-0.2022689146024146
SCI,sci20121011jl,50.0,0.0,-0.01642017904532587,-0.08835904980868645,-0.007194602897417455,-0.2521464255124648,0.09271267206515249,-0.4007881239911629,0.3899408254512056,-0.37254887881357424,0.22926696330417917,-0.324527613961254,0.1907407684159399,0.287333054061049,0.2971085120733641,-0.2730893551627277,0.06949296323709896,-0.20366109292778203,-0.1368735796265825,0.1096323074551826,-0.3065072010389027,0.0469267483935251,-0.19825748322384293,-0.31548168969785495,-0.23963936040297884,0.010664728255836631,-0.35614436170183567,0.029287100684874234,-0.3560874656308065,0.13303506379203492,-0.41988000508277645,0.4758145020160103,0.11941243952088305,-0.29604622939499564
SCI,sci20121127js,57.0,1.4,-0.05091083730668872,0.10184360554689068,-0.01744218521241165,-0.05521592097065689,0.08087455634383575,-0.01760141444906851,0.20839054352530792,-0.10085339945175609,0.3635758406303177,-0.2234799711290855,-0.03872488594388141,0.4622699082837184,0.39786600533632605,-0.3350081418874769,0.0726206985768558,-0.12013619828069962,0.16449723989472642,-0.08020671420677901,-0.3967038950693012,0.16279731032116423,-0.38659777587995514,-0.10643021505318016,-0.37264889560997333,0.30291574094456275,-0.35859104032574374,-0.022370739627556542,-0.48278483845725323,0.8235689539623583,-0.4557048158936443,1.0429218668645368,0.12020878328510722,-0.04096806905914261
SCI,sci20130708jh,48.0,1.2,-0.0510614028271361,-0.01607248665584886,0.021580897012665287,-0.3121951733513416,0.4514169228708169,-0.5897272247464358,0.2007219136866171,-0.362093094984433,0.11330119657490736,-0.3980517356348305,-0.15665663869761454,0.38557461136662186,0.21118967603074792,-0.22817417084185615,0.07257647254442647,-0.19795705299959412,-0.04333951432762192,-0.04240488442877903,-0.43908063874171216,0.21300680778401546,-0.3275632054270448,0.009896898332513837,-0.39077605820740713,0.4483724817656559,-0.3236133063540758,-0.2793545220042892,-0.43349674044098485,0.5795983590111552,-0.18812764470946164,0.6772845596357459,0.17222676947425108,-0.26974135358782164
SCI,sci20130719bk,26.0,0.0,-0.009102382971228224,-0.13329668140621914,0.4507688480559339,-0.23212752526194821,0.11012730755308824,-0.26656740114555977,0.25074844860945744,-0.5524419073204612,0.13904062824694116,-0.4225670506533939,-0.27783692839803614,0.3166109463797028,0.23060966605513442,-0.4129451886505125,0.07989358835993197,-0.18525365228482815,-0.02318600902786144,0.06024224482884907,-0.299401624352857,-0.6415924198392781,-0.2647506916536243,-0.6079073963169437,-0.3226994038700606,0.031591760307712706,-0.36969260738488396,-1.0664768895419288,-0.2855717699801368,0.15622024639017473,-0.28544994066345447,0.4419424766069278,0.15453017965790075,-0.29589467035369843
SCI,sci20130722lm,21.0,2.2,0.03336990903049439,-0.08508197891294753,0.5150413923759469,-0.440196902861494,0.7354792720251085,-0.3832679709291523,0.11925463820235462,-0.31009778616569506,0.21397484086498347,-0.30668342232536927,-0.2511517733592305,0.33093719579571607,0.16998774319019241,-0.3066766295776139,0.04182095638731518,-0.13626427767041985,-0.14122866851461258,-0.0900866233026546,-0.4165238278274839,-0.34101246576570665,-0.28466306724235846,-0.45315366339240565,-0.26397199913120895,0.023455352177008552,-0.5408217500506053,-0.3726691199814529,-0.3215511558673216,0.19971367134201382,-0.34031395585839486,0.7728535644915856,0.24606281213209613,-0.28154829965672185
SCI,sci20140606rc,43.0,5.8,-0.03388292020190305,0.03433592862146691,-0.3132132514833287,0.1813428339304742,0.012645100793035996,-0.18887344956898,0.15078285698650926,-0.19072792779733885,0.10871709911096766,-0.2996169831796417,-0.2042020795292189,0.4198990613356863,0.3094868214868284,-0.4101316777709543,0.10915623703288051,-0.14975930927313152,0.052835893009261406,0.37554920134009706,-0.08648009014013545,0.1707158128491689,-0.08912098105034214,-0.1585734456121539,-0.056799305271521335,0.10207875339594209,-0.24562020374265667,0.12066908175848536,-0.5222197119693042,0.6106346665393451,-0.3191560558722009,0.30250545195634326,0.016646465613583253,-0.11154535734063506
SCI,sci20140609jd,41.0,8.1,-0.16528728434687884,-0.03502624842229538,0.20371285592693922,-0.37064192807745366,-0.05971985268287872,-0.4214293355445752,-0.12486528050289662,-0.3183416759952925,-0.12040195903910521,-0.35201244487567257,-0.18115944374329285,0.3925251156363451,-0.0433075943745681,-0.2913151861510468,-0.09362245850498026,-0.23178894735744993,-0.05424385608648885,-0.09310854466687728,-0.4070233784058784,-0.008760046336466326,-0.30614814717188765,-0.5119522963248487,-0.31559569888861116,-0.19639697760570501,-0.30743964095626014,-0.21204165703075792,-0.2820753050068577,0.28988059959969437,-0.25249563074362796,0.5365282858377923,-0.08459039424617064,-0.2380163597934976
SCI,sci20140711jk,36.0,0.5,-0.059577090436842235,-0.04402772790467618,-0.02686350685808334,-0.3824368414340733,-0.11070253549957071,0.018558680847884663,0.1719094119292661,-0.21176418715726025,0.07436415802156847,-0.26081580250730974,-0.08675112885829989,0.38238232657785604,0.21170025947771978,-0.2955971018963961,-0.0658017199491814,-0.1922795773999819,0.1665848947723762,-0.12136991951220395,-0.11761709856187111,-0.1805678842608806,-0.14273445872473264,-0.6782510288900983,-0.11944741273541097,-0.3304388159021707,-0.09268586874874127,-0.48627349507274736,-0.2745648614016107,-0.19547798031658775,-0.07059630013367672,0.21727365245742183,0.014428419862872804,-0.17534633692901294
SCI,sci20140723ml,28.0,4.5,-0.043713236311649674,0.002624575921937507,0.7290006407797961,-0.5953423728130803,0.03128064946757214,-0.25050814999281934,0.36250114554146046,-0.3989048892024676,0.015500851199008195,-0.2662435564274946,-0.31207185802022336,0.29223698757598127,0.07828469074727852,-0.2706272659093931,-0.12857737226793337,-0.08881829105864322,0.23942670245127037,-0.16452560564746735,-0.4773128325462056,0.6163332629054399,-0.27922255932285805,-0.3651596018011873,-0.37652700518568355,0.32688304838181165,-0.10559582211917315,-0.10804846931753659,-0.38604608683642305,0.15707624895760322,-0.34110541552185053,0.5996818227634856,0.16523543553072692,-0.2668840920084138
