group,subject,n_voxels,cvr_mean,cvr_std,cvr_median,bat_mean,bat_std,bat_median
HC,14275,211423,-0.05850520839853906,0.5724080333347571,-0.15793979167938232,-0.08053893848301813,0.5977858507247295,-0.15196998417377472
HC,15883,211423,-0.04819555733471348,0.6582094829240609,-0.16322565078735352,-0.07067696421336511,0.688503101875385,-0.17736828327178955
HC,21427,211423,-0.10898620651798002,0.5556933977968406,-0.20865170657634735,-0.11082322755030627,0.6847067055018615,-0.19915950298309326
HC,28728,211423,-0.026928381579945482,0.5616513983435354,-0.14916425943374634,-0.15542993923310244,0.6102873489262809,-0.2347927689552307
HC,74017,211423,-0.09227400827265642,0.6212615756167904,-0.21304936707019806,-0.03244093570024187,0.7042746509686101,-0.14581798017024994
HC,79104,211423,-0.03861753228828834,0.6302323984904427,-0.16626907885074615,-0.19023581763621042,0.6379597064334591,-0.28889864683151245
HC,94316,211423,0.010913957053694053,0.6863829163701289,-0.1318395584821701,-0.0778297273049152,0.6427939341594837,-0.16944566369056702
HC,nc20120830jm,211423,-0.1227722849009416,0.5069364646509967,-0.18846940994262695,-0.032294785254947674,0.7115643277501207,-0.14156502485275269
HC,nc20130501bg,211396,0.05028176035153504,0.8129676198286185,-0.13111937791109085,-0.04671477937608882,0.7685419174598768,-0.20244638621807098
HC,nc20131030jka,211387,0.06898839732312068,0.8577748329491479,-0.1436593383550644,-0.0782860085003548,0.6379163955330002,-0.1879533976316452
HC,nc20131031jkb,211423,-0.0009961023130687274,0.6523612193870248,-0.11264464259147644,0.016872107148685343,0.7372249768040097,-0.1338317096233368
HC,nckirby127,210694,0.023459527399877417,0.7819869976684811,-0.17395146191120148,-0.07980846911739314,0.6065702098627855,-0.161106675863266
HC,nckirby142,211343,0.02754007626442033,0.761715189960134,-0.1359797865152359,-0.06934654140707021,0.6392949577018371,-0.17142608761787415
HC,nckirby422,210954,0.003928153976953449,0.6740126760035512,-0.1815948635339737,-0.04252633703990084,0.6747460764321418,-0.14605722576379776
HC,nckirby492,211420,0.00939668625502467,0.7352477373785579,-0.18695679306983948,-0.07618987453405186,0.609153529079234,-0.13766581565141678
HC,nckirby505,211423,-0.05532917708461537,0.6168175666521043,-0.17232874035835266,-0.038081141666541155,0.6775124849810669,-0.14123891294002533
HC,nckirby656,211166,-0.04247076643989965,0.5787844593484426,-0.18674048781394958,-0.05149699035992457,0.6174756522245302,-0.11990392580628395
HC,nckirby814,211316,-0.17804382255144163,0.47840523312633576,-0.2457670271396637,-0.18635837744564274,0.7031503644558594,-0.28374312818050385
HC,nckirby849,211423,-0.023686964749675278,0.8212376318043083,-0.2336921989917755,0.01264316609036998,0.6197018927130626,-0.04898473247885704
HC,nckirby913,210050,-0.060499245831177814,0.6568204079878939,-0.20561448484659195,0.03805373848287386,0.7062350671506742,-0.06603128463029861
HC,nckirby916,211198,-0.03324616331424325,0.6507690122732716,-0.17818862944841385,0.00506361932703599,0.6299667291819961,-0.08232826739549637
HC,nckirby934,211423,0.03234045818438101,0.779060346900097,-0.16424450278282166,-0.03818211913360261,0.6410380391065915,-0.12750296294689178
HC,nckirby959,211357,-0.014652404400397586,0.6406049499153345,-0.15307040512561798,-0.0818183734288698,0.6779168500237941,-0.17026321589946747
SCI,13152,211423,0.00570441992540192,0.6816160802290471,-0.12934039533138275,-0.02567772780426135,0.6623514245548263,-0.10677850246429443
SCI,182576_01,211423,0.08932401958898259,0.8644175314976691,-0.15661019086837769,-0.060249012341520816,0.6314915235294722,-0.13433286547660828
SCI,182576_03,211423,0.12569178162814382,1.0494101871263513,-0.19692040979862213,-0.05503745135326102,0.6708533476339659,-0.17569704353809357
SCI,182576_08,211423,-0.048360501875021264,0.5452797645649827,-0.14197614789009094,-0.060399364615791096,0.6548890609848906,-0.1556975543498993
SCI,2432,211404,-0.07914075255171386,0.5317380924677982,-0.16266897320747375,-0.03902419928658927,0.6644107682861663,-0.12022104486823082
SCI,37442,211423,-0.07820834545363532,0.5476663788677717,-0.1699170470237732,0.02839111626892885,0.6899183822593344,-0.08089646697044373
SCI,55140,211423,0.022261068458424592,0.6964940794868488,-0.11541955173015594,-0.08885157215606072,0.6713904438415002,-0.20073918998241425
SCI,60970,211423,-0.06108929047755042,0.6967620570229551,-0.2010810226202011,0.0059646800262430485,0.8090395180253644,-0.14924746751785278
SCI,72236,211423,-0.07458633138258748,0.508421717739003,-0.1578219085931778,-0.08381748178359595,0.5881706418420927,-0.1434803307056427
SCI,95197,211423,-0.049672754552745835,0.6302881840650317,-0.16883578896522522,-0.07268979798195711,0.6972855778484468,-0.1761399805545807
SCI,sci20110427pr,211423,-0.012618090247161736,0.8297995751018938,-0.20878511667251587,-0.10136666568274762,0.650296650260255,-0.19420433044433594
SCI,sci20120308ls,211423,-0.032225573837357906,0.704196140824099,-0.1601848155260086,-0.08613278525129543,0.7330319458495705,-0.2132781594991684
SCI,sci20120406mp,211423,-0.016505842846760967,0.6906858037380227,-0.1504998654127121,-0.03811851020733346,0.6616735391981193,-0.12645193934440613
SCI,sci20120621cb,211423,0.03107195844875073,0.8077840646696796,-0.16104158759117126,0.04138824117564218,0.6804357287534952,-0.045196082442998886
SCI,sci20121011jl,211423,-0.01642017904532587,0.6704583627029317,-0.1577136218547821,-0.08835904980868645,0.6377447226274781,-0.19545802474021912
SCI,sci20121127js,211423,-0.05091083730668872,0.5902416097469592,-0.18298372626304626,0.10184360554689068,0.658634900699416,0.03298965096473694
SCI,sci20130708jh,211423,-0.0510614028271361,0.6309414009096698,-0.1682167649269104,-0.01607248665584886,0.7309253584827783,-0.12752000987529755
SCI,sci20130719bk,211423,-0.009102382971228224,0.6550654409687203,-0.14532609283924103,-0.13329668140621914,0.6556538249408024,-0.23108398914337158
SCI,sci20130722lm,211423,0.03336990903049439,0.7663657062461038,-0.15102416276931763,-0.08508197891294753,0.5981669881745976,-0.1741141676902771
SCI,sci20140606rc,211423,-0.03388292020190305,0.613100933025251,-0.14156979322433472,0.03433592862146691,0.6872265307710506,-0.01714904047548771
SCI,sci20140609jd,211423,-0.16528728434687884,0.4199421397741012,-0.2153996229171753,-0.03502624842229538,0.7316298741316873,-0.15498727560043335
SCI,sci20140711jk,211423,-0.059577090436842235,0.5087703018829671,-0.15213289856910706,-0.04402772790467618,0.6311446842013476,-0.11579866707324982
SCI,sci20140723ml,211423,-0.043713236311649674,0.7283686568324514,-0.19567051529884338,0.002624575921937507,0.6684277241942735,-0.07459443807601929
HC,GROUP_MEAN,,-0.029494,0.058540,,-0.063759,0.058298,
SCI,GROUP_MEAN,,-0.024997,0.060092,,-0.039073,0.055217,
T-TEST,HC_vs_SCI,,t=-0.2570,p=0.798349,ns,t=-1.4744,p=0.147522,ns
