compartment,region,metric,hc_mean,sci_mean,t,p,cohen_d,p_fdr
cortex,Visual,CVR,0.1294,0.0958,0.3990,0.6921,0.1176,0.8359
cortex,Somatomotor,CVR,0.0701,0.1987,-1.7186,0.0927,-0.5068,0.6492
cortex,DorsAttn,CVR,0.1737,0.2357,-1.1008,0.2774,-0.3246,0.8359
cortex,VentAttn/Sal,CVR,0.1277,0.1491,-0.3905,0.6983,-0.1151,0.8359
cortex,Limbic,CVR,-0.0582,-0.0387,-0.3655,0.7165,-0.1078,0.8359
cortex,Control/FP,CVR,0.2770,0.2723,0.0749,0.9406,0.0221,0.9406
cortex,Default,CVR,0.1273,0.1074,0.4371,0.6643,0.1289,0.8359
cortex,Visual,BAT,-0.2582,-0.2709,0.2936,0.7705,0.0866,0.8724
cortex,Somatomotor,BAT,-0.1857,-0.2375,1.0745,0.2886,0.3168,0.6255
cortex,DorsAttn,BAT,-0.2765,-0.2712,-0.1617,0.8724,-0.0477,0.8724
cortex,VentAttn/Sal,BAT,-0.3474,-0.3318,-0.6231,0.5364,-0.1837,0.7510
cortex,Limbic,BAT,0.3423,0.2926,0.9307,0.3575,0.2744,0.6255
cortex,Control/FP,BAT,-0.3818,-0.3479,-1.4379,0.1577,-0.4240,0.6255
cortex,Default,BAT,-0.2540,-0.2271,-1.0686,0.2915,-0.3151,0.6255
subcortex,Thalamus,CVR,-0.0125,0.0009,-0.2700,0.7884,-0.0796,0.7884
subcortex,Caudate,CVR,-0.2720,-0.3413,1.6190,0.1126,0.4774,0.2916
subcortex,Putamen,CVR,-0.1832,-0.2438,1.6174,0.1152,0.4769,0.2916
subcortex,Pallidum,CVR,-0.1998,-0.2677,1.5738,0.1250,0.4641,0.2916
subcortex,Accumbens,CVR,-0.2450,-0.2660,0.4324,0.6678,0.1275,0.7791
subcortex,Hippocampus,CVR,-0.3209,-0.3512,0.7740,0.4438,0.2282,0.6213
subcortex,Amygdala,CVR,-0.2980,-0.2427,-1.0706,0.2906,-0.3157,0.5085
subcortex,Thalamus,BAT,-0.1257,0.0022,-1.4209,0.1626,-0.4190,0.7333
subcortex,Caudate,BAT,-0.0974,0.0356,-1.2736,0.2095,-0.3755,0.7333
subcortex,Putamen,BAT,-0.4242,-0.3766,-0.5806,0.5645,-0.1712,0.8146
subcortex,Pallidum,BAT,-0.0156,0.0126,-0.3716,0.7120,-0.1096,0.8146
subcortex,Accumbens,BAT,-0.2875,-0.2557,-0.3509,0.7273,-0.1035,0.8146
subcortex,Hippocampus,BAT,0.2626,0.2461,0.2386,0.8125,0.0704,0.8146
subcortex,Amygdala,BAT,0.4635,0.4780,-0.2359,0.8146,-0.0696,0.8146
