id,region,network,hemi,compartment,metric,testable,n_vox_min,n_vox_mean,hc_mean,sci_mean,unadj_t,unadj_p,unadj_p_fdr,cohen_d,adj_diff,adj_t,adj_p,adj_p_fdr,adj_p_bonf,partial_eta2,dof
1,LH_Vis_1,Visual,LH,cortex,CVR,1,545,545.0,-0.22698,-0.29123,0.91902,0.36542,0.88624,0.271,-0.07096,-0.79887,0.42886,0.84652,1.0,0.01497,42
2,LH_Vis_2,Visual,LH,cortex,CVR,1,1120,1120.0,0.35091,0.34676,0.0224,0.98223,0.99732,0.00661,0.14018,0.61885,0.53936,0.88157,1.0,0.00904,42
3,LH_Vis_3,Visual,LH,cortex,CVR,1,652,652.0,0.26856,0.35649,-0.5897,0.55847,0.89965,-0.17389,0.20182,1.10203,0.27673,0.84652,1.0,0.0281,42
4,LH_Vis_4,Visual,LH,cortex,CVR,1,517,517.0,0.35338,0.08472,1.31945,0.1962,0.86401,0.38909,-0.0947,-0.37405,0.71025,0.92418,1.0,0.00332,42
5,LH_Vis_5,Visual,LH,cortex,CVR,1,369,369.0,0.12412,0.25424,-0.81957,0.41868,0.88628,-0.24168,0.12054,0.62703,0.53404,0.88157,1.0,0.00927,42
6,LH_Vis_6,Visual,LH,cortex,CVR,1,163,163.0,0.1315,0.12591,0.02943,0.97668,0.99732,0.00868,-0.05632,-0.23626,0.81438,0.95084,1.0,0.00133,42
7,LH_Vis_7,Visual,LH,cortex,CVR,1,643,643.0,0.30679,0.17052,0.84246,0.40413,0.88624,0.24843,0.05651,0.29403,0.77018,0.92422,1.0,0.00205,42
8,LH_Vis_8,Visual,LH,cortex,CVR,1,608,608.0,-0.18851,-0.13687,-0.96441,0.34023,0.86401,-0.28439,0.06007,0.88764,0.37979,0.84652,1.0,0.01841,42
9,LH_Vis_9,Visual,LH,cortex,CVR,1,580,580.0,-0.21988,-0.18664,-0.42851,0.67047,0.9404,-0.12636,0.11558,1.25239,0.21736,0.84652,1.0,0.036,42
10,LH_Vis_10,Visual,LH,cortex,CVR,1,940,940.0,0.29591,0.13728,0.71239,0.48071,0.89965,0.21007,-0.04913,-0.17453,0.86229,0.96587,1.0,0.00072,42
11,LH_Vis_11,Visual,LH,cortex,CVR,1,582,582.0,-0.19125,-0.14135,-1.02487,0.31178,0.86401,-0.30222,0.08456,1.40266,0.16807,0.84315,1.0,0.04475,42
12,LH_Vis_12,Visual,LH,cortex,CVR,1,339,339.0,0.22182,0.19108,0.16125,0.87268,0.98453,0.04755,0.05052,0.21125,0.83371,0.96587,1.0,0.00106,42
13,LH_Vis_13,Visual,LH,cortex,CVR,1,903,903.0,0.31776,0.30967,0.05195,0.95884,0.99639,0.01532,0.07773,0.40545,0.6872,0.9051,1.0,0.0039,42
14,LH_Vis_14,Visual,LH,cortex,CVR,1,666,666.0,-0.096,-0.12726,0.32212,0.74898,0.94218,0.09499,-0.01268,-0.10583,0.91622,0.96596,1.0,0.00027,42
15,LH_SomMot_1,Somatomotor,LH,cortex,CVR,1,551,551.0,0.24954,0.22057,0.23574,0.81473,0.96881,0.06952,-0.07374,-0.47195,0.63941,0.89683,1.0,0.00528,42
16,LH_SomMot_2,Somatomotor,LH,cortex,CVR,1,736,736.0,0.22642,0.27613,-0.37068,0.71266,0.94218,-0.10931,-0.02578,-0.15192,0.87998,0.96587,1.0,0.00055,42
17,LH_SomMot_3,Somatomotor,LH,cortex,CVR,1,495,495.0,-0.13785,-0.09253,-0.48023,0.63354,0.92724,-0.14161,0.06797,0.56567,0.57463,0.88248,1.0,0.00756,42
18,LH_SomMot_4,Somatomotor,LH,cortex,CVR,1,566,566.0,0.41392,0.42592,-0.06227,0.95064,0.99639,-0.01836,-0.11062,-0.45394,0.65221,0.89869,1.0,0.00488,42
19,LH_SomMot_5,Somatomotor,LH,cortex,CVR,1,368,368.0,0.1859,0.36992,-1.32605,0.19198,0.86401,-0.39103,0.0759,0.43709,0.66429,0.89869,1.0,0.00453,42
20,LH_SomMot_6,Somatomotor,LH,cortex,CVR,1,725,725.0,0.09014,0.17864,-0.55239,0.58459,0.89965,-0.16289,0.09119,0.44662,0.65744,0.89869,1.0,0.00473,42
21,LH_SomMot_7,Somatomotor,LH,cortex,CVR,1,451,451.0,-0.0876,0.11478,-3.11383,0.00326,0.65571,-0.91822,0.1746,2.15554,0.0369,0.79698,1.0,0.09961,42
22,LH_SomMot_8,Somatomotor,LH,cortex,CVR,1,544,544.0,0.36308,0.59542,-1.39997,0.16871,0.86401,-0.41283,0.25131,1.18867,0.24125,0.84652,1.0,0.03255,42
23,LH_SomMot_9,Somatomotor,LH,cortex,CVR,1,284,284.0,-0.24627,-0.10283,-2.39044,0.02123,0.65571,-0.7049,0.09679,1.28109,0.20719,0.84315,1.0,0.03761,42
24,LH_SomMot_10,Somatomotor,LH,cortex,CVR,1,512,512.0,-0.18888,-0.02146,-2.16758,0.03584,0.65571,-0.63918,0.1115,1.1503,0.25653,0.84652,1.0,0.03054,42
25,LH_SomMot_11,Somatomotor,LH,cortex,CVR,1,312,312.0,-0.18996,-0.02475,-2.02604,0.05035,0.65571,-0.59745,0.07407,0.75043,0.45718,0.84652,1.0,0.01323,42
26,LH_SomMot_12,Somatomotor,LH,cortex,CVR,1,581,581.0,-0.18558,-0.03387,-2.4289,0.0196,0.65571,-0.71624,0.14389,1.8217,0.07563,0.83491,1.0,0.07323,42
27,LH_SomMot_13,Somatomotor,LH,cortex,CVR,1,294,294.0,-0.19843,-0.04646,-1.9898,0.05397,0.65571,-0.58676,0.07894,0.84134,0.40492,0.84652,1.0,0.01657,42
28,LH_SomMot_14,Somatomotor,LH,cortex,CVR,1,500,500.0,-0.16971,-0.0512,-1.89749,0.06467,0.67863,-0.55954,0.14242,1.79947,0.07913,0.83491,1.0,0.07158,42
29,LH_SomMot_15,Somatomotor,LH,cortex,CVR,1,1048,1048.0,0.23751,0.58831,-2.44844,0.01865,0.65571,-0.722,0.44965,2.48908,0.01685,0.79698,1.0,0.12855,42
30,LH_SomMot_16,Somatomotor,LH,cortex,CVR,1,275,275.0,-0.17592,0.00774,-2.01075,0.05201,0.65571,-0.59294,0.16445,1.41632,0.16406,0.84315,1.0,0.04558,42
31,LH_DorsAttn_Post_1,DorsAttn,LH,cortex,CVR,1,1236,1236.0,0.24012,0.27526,-0.37593,0.7088,0.94218,-0.11086,0.15709,1.369,0.17828,0.84315,1.0,0.04272,42
32,LH_DorsAttn_Post_2,DorsAttn,LH,cortex,CVR,1,507,507.0,0.11155,0.14138,-0.38615,0.70152,0.94218,-0.11387,0.07093,0.73241,0.46798,0.84652,1.0,0.01261,42
33,LH_DorsAttn_Post_3,DorsAttn,LH,cortex,CVR,1,565,565.0,0.14471,0.23096,-0.66846,0.5076,0.89965,-0.19712,0.16605,1.06079,0.29485,0.84652,1.0,0.02609,42
34,LH_DorsAttn_Post_4,DorsAttn,LH,cortex,CVR,1,459,459.0,-0.08323,0.0284,-1.86627,0.0689,0.67863,-0.55033,0.0671,0.89335,0.37676,0.84652,1.0,0.01865,42
35,LH_DorsAttn_Post_5,DorsAttn,LH,cortex,CVR,1,385,385.0,-0.21007,-0.07314,-2.06189,0.04578,0.65571,-0.60802,0.1099,1.30833,0.19788,0.84315,1.0,0.03916,42
36,LH_DorsAttn_Post_6,DorsAttn,LH,cortex,CVR,1,388,388.0,0.08592,0.20758,-1.10297,0.27836,0.86401,-0.32525,0.22409,1.63655,0.1092,0.84315,1.0,0.05995,42
37,LH_DorsAttn_Post_7,DorsAttn,LH,cortex,CVR,1,385,385.0,0.39149,0.46578,-0.63037,0.53209,0.89965,-0.18589,0.10978,0.73506,0.46639,0.84652,1.0,0.0127,42
38,LH_DorsAttn_Post_8,DorsAttn,LH,cortex,CVR,1,226,226.0,0.15901,0.35136,-1.3499,0.18482,0.86401,-0.39806,0.33513,1.91012,0.06296,0.83491,1.0,0.07993,42
39,LH_DorsAttn_Post_9,DorsAttn,LH,cortex,CVR,1,619,619.0,0.86841,1.08422,-0.95739,0.344,0.86401,-0.28232,0.22084,0.7685,0.44649,0.84652,1.0,0.01387,42
40,LH_DorsAttn_Post_10,DorsAttn,LH,cortex,CVR,1,508,508.0,0.04916,0.39283,-2.35831,0.02368,0.65571,-0.69543,0.37235,2.01296,0.05056,0.83491,1.0,0.08799,42
41,LH_DorsAttn_FEF_1,DorsAttn,LH,cortex,CVR,1,737,737.0,-0.16222,-0.16257,0.00662,0.99475,0.99916,0.00195,0.02266,0.34023,0.73538,0.92422,1.0,0.00275,42
42,LH_DorsAttn_FEF_2,DorsAttn,LH,cortex,CVR,1,545,545.0,-0.04772,-0.05839,0.18858,0.85129,0.97808,0.05561,-0.01341,-0.19073,0.84965,0.96587,1.0,0.00087,42
43,LH_DorsAttn_PrCv_1,DorsAttn,LH,cortex,CVR,1,394,394.0,0.04657,0.09487,-0.46544,0.64392,0.92724,-0.13725,0.11336,0.8919,0.37753,0.84652,1.0,0.01859,42
44,LH_SalVentAttn_ParOper_1,VentAttn/Sal,LH,cortex,CVR,1,512,512.0,-0.0926,0.12999,-1.89102,0.06912,0.67863,-0.55763,0.15385,1.03348,0.3073,0.84652,1.0,0.0248,42
45,LH_SalVentAttn_ParOper_2,VentAttn/Sal,LH,cortex,CVR,1,519,519.0,0.00382,0.15185,-1.72004,0.09289,0.70685,-0.50721,0.1035,0.95031,0.34739,0.84652,1.0,0.02105,42
46,LH_SalVentAttn_ParOper_3,VentAttn/Sal,LH,cortex,CVR,1,383,383.0,0.05814,0.05806,0.00123,0.99902,0.99916,0.00036,-0.03046,-0.38213,0.70429,0.92198,1.0,0.00346,42
47,LH_SalVentAttn_FrOperIns_1,VentAttn/Sal,LH,cortex,CVR,1,706,706.0,-0.09318,-0.09874,0.06714,0.94678,0.99639,0.0198,0.01028,0.09769,0.92265,0.96596,1.0,0.00023,42
48,LH_SalVentAttn_FrOperIns_2,VentAttn/Sal,LH,cortex,CVR,1,469,469.0,-0.02147,-0.17498,1.6773,0.10261,0.71499,0.49461,-0.10407,-0.90978,0.36813,0.84652,1.0,0.01933,42
49,LH_SalVentAttn_FrOperIns_3,VentAttn/Sal,LH,cortex,CVR,1,292,292.0,-0.21424,-0.23646,0.27263,0.78644,0.96881,0.08039,-0.08379,-0.82149,0.41601,0.84652,1.0,0.01581,42
50,LH_SalVentAttn_FrOperIns_4,VentAttn/Sal,LH,cortex,CVR,1,465,465.0,0.25853,0.09721,1.7128,0.09563,0.70685,0.50508,-0.17577,-1.46434,0.15055,0.84315,1.0,0.04857,42
51,LH_SalVentAttn_PFCl_1,VentAttn/Sal,LH,cortex,CVR,1,1182,1182.0,0.13559,0.03218,1.81138,0.07794,0.70142,0.53415,-0.10817,-1.49565,0.14222,0.84315,1.0,0.05057,42
52,LH_SalVentAttn_Med_1,VentAttn/Sal,LH,cortex,CVR,1,782,782.0,0.61575,0.60974,0.0323,0.97441,0.99732,0.00952,0.11639,0.4947,0.62339,0.88587,1.0,0.00579,42
53,LH_SalVentAttn_Med_2,VentAttn/Sal,LH,cortex,CVR,1,631,631.0,0.14243,0.24133,-0.88517,0.38089,0.88624,-0.26102,0.03531,0.25013,0.80371,0.94853,1.0,0.00149,42
54,LH_SalVentAttn_Med_3,VentAttn/Sal,LH,cortex,CVR,1,512,512.0,0.31788,0.55234,-1.59688,0.11751,0.77597,-0.47089,0.42039,2.39803,0.021,0.79698,1.0,0.12043,42
55,LH_Limbic_OFC_1,Limbic,LH,cortex,CVR,1,527,527.0,0.02283,0.11545,-0.77843,0.44084,0.89965,-0.22955,0.0796,0.52517,0.60222,0.88248,1.0,0.00652,42
56,LH_Limbic_OFC_2,Limbic,LH,cortex,CVR,1,1317,1317.0,0.24629,0.16382,0.51862,0.60666,0.91635,0.15293,-0.10152,-0.51573,0.60875,0.88248,1.0,0.00629,42
57,LH_Limbic_TempPole_1,Limbic,LH,cortex,CVR,1,851,851.0,-0.27486,-0.21079,-0.71886,0.47607,0.89965,-0.21198,0.15187,1.38353,0.17381,0.84315,1.0,0.04359,42
58,LH_Limbic_TempPole_2,Limbic,LH,cortex,CVR,1,1006,1006.0,-0.29889,-0.2063,-1.23969,0.22171,0.86401,-0.36557,0.18366,2.06899,0.04474,0.80528,1.0,0.09249,42
59,LH_Limbic_TempPole_3,Limbic,LH,cortex,CVR,1,538,538.0,-0.15492,-0.12716,-0.25942,0.79655,0.96881,-0.0765,0.07259,0.57777,0.56651,0.88248,1.0,0.00789,42
60,LH_Limbic_TempPole_4,Limbic,LH,cortex,CVR,1,367,367.0,-0.1933,-0.15412,-0.56852,0.57258,0.89965,-0.16765,0.03203,0.36717,0.71534,0.92422,1.0,0.0032,42
61,LH_Cont_Par_1,Control/FP,LH,cortex,CVR,1,284,284.0,0.08165,0.12164,-0.38206,0.7043,0.94218,-0.11266,0.03899,0.29799,0.76718,0.92422,1.0,0.00211,42
62,LH_Cont_Par_2,Control/FP,LH,cortex,CVR,1,548,548.0,0.41612,0.54925,-0.69167,0.49302,0.89965,-0.20396,0.26566,1.13712,0.26194,0.84652,1.0,0.02987,42
63,LH_Cont_Par_3,Control/FP,LH,cortex,CVR,1,401,401.0,0.11844,0.26964,-1.22484,0.22717,0.86401,-0.36119,0.20155,1.3193,0.19422,0.84315,1.0,0.03979,42
64,LH_Cont_Temp_1,Control/FP,LH,cortex,CVR,1,657,657.0,0.17396,0.14918,0.24941,0.80423,0.96881,0.07355,0.0693,0.5617,0.57731,0.88248,1.0,0.00746,42
65,LH_Cont_OFC_1,Control/FP,LH,cortex,CVR,1,539,539.0,0.07108,0.02262,0.60707,0.54738,0.89965,0.17901,-0.1083,-1.08008,0.28627,0.84652,1.0,0.02702,42
66,LH_Cont_PFCl_1,Control/FP,LH,cortex,CVR,1,455,455.0,0.18314,0.07239,1.46362,0.1513,0.86401,0.4316,-0.14613,-1.55289,0.12795,0.84315,1.0,0.0543,42
67,LH_Cont_PFCl_2,Control/FP,LH,cortex,CVR,1,597,597.0,0.27492,0.15973,1.10989,0.27336,0.86401,0.32729,-0.06756,-0.53304,0.59681,0.88248,1.0,0.00672,42
68,LH_Cont_PFCl_3,Control/FP,LH,cortex,CVR,1,1141,1141.0,0.18957,0.05019,1.70295,0.09817,0.70685,0.50217,-0.09431,-0.97006,0.33757,0.84652,1.0,0.02191,42
69,LH_Cont_PFCl_4,Control/FP,LH,cortex,CVR,1,777,777.0,0.18997,0.26275,-0.6066,0.54723,0.89965,-0.17888,0.09671,0.64224,0.52421,0.88157,1.0,0.00973,42
70,LH_Cont_PFCl_5,Control/FP,LH,cortex,CVR,1,611,611.0,0.05621,0.20398,-1.52492,0.13474,0.83154,-0.44967,0.19703,1.72343,0.09217,0.83999,1.0,0.06605,42
71,LH_Cont_pCun_1,Control/FP,LH,cortex,CVR,1,481,481.0,0.63684,0.87133,-0.98646,0.33109,0.86401,-0.29089,0.19904,0.67527,0.5032,0.86954,1.0,0.01074,42
72,LH_Cont_Cing_1,Control/FP,LH,cortex,CVR,1,208,208.0,0.40699,0.25892,1.19775,0.23756,0.86401,0.3532,-0.15944,-1.02181,0.31272,0.84652,1.0,0.02426,42
73,LH_Cont_Cing_2,Control/FP,LH,cortex,CVR,1,164,164.0,0.14417,0.03273,0.9929,0.32712,0.86401,0.29279,-0.20619,-1.48729,0.14441,0.84315,1.0,0.05003,42
74,LH_Default_Temp_1,Default,LH,cortex,CVR,1,1077,1077.0,-0.27157,-0.23433,-0.90191,0.37312,0.88624,-0.26596,0.04204,0.81003,0.42249,0.84652,1.0,0.01538,42
75,LH_Default_Temp_2,Default,LH,cortex,CVR,1,725,725.0,-0.1153,-0.14352,0.3249,0.74681,0.94218,0.09581,0.01448,0.13215,0.8955,0.96596,1.0,0.00042,42
76,LH_Default_Temp_3,Default,LH,cortex,CVR,1,879,879.0,-0.11762,-0.08897,-0.64743,0.52075,0.89965,-0.19092,0.04494,0.80044,0.42796,0.84652,1.0,0.01503,42
77,LH_Default_Temp_4,Default,LH,cortex,CVR,1,736,736.0,-0.03485,0.0541,-1.0546,0.29967,0.86401,-0.31099,0.11835,1.10465,0.2756,0.84652,1.0,0.02823,42
78,LH_Default_Temp_5,Default,LH,cortex,CVR,1,711,711.0,-0.17126,0.00554,-2.34156,0.02558,0.65571,-0.69049,0.21438,2.23824,0.03056,0.79698,1.0,0.10657,42
79,LH_Default_Par_1,Default,LH,cortex,CVR,1,499,499.0,-0.2026,-0.12513,-1.30103,0.2007,0.86401,-0.38365,0.0831,1.09965,0.27775,0.84652,1.0,0.02799,42
80,LH_Default_Par_2,Default,LH,cortex,CVR,1,365,365.0,-0.02874,0.03729,-0.82439,0.4144,0.88624,-0.2431,0.05428,0.54714,0.58718,0.88248,1.0,0.00708,42
81,LH_Default_Par_3,Default,LH,cortex,CVR,1,272,272.0,-0.01338,-0.05203,0.55309,0.58412,0.89965,0.1631,-0.0673,-0.76753,0.44706,0.84652,1.0,0.01383,42
82,LH_Default_Par_4,Default,LH,cortex,CVR,1,743,743.0,-0.01606,0.02274,-0.39021,0.69864,0.94218,-0.11507,0.04364,0.35331,0.72563,0.92422,1.0,0.00296,42
83,LH_Default_PFC_1,Default,LH,cortex,CVR,1,584,584.0,0.04755,0.05798,-0.13436,0.89374,0.98999,-0.03962,-0.00786,-0.07951,0.937,0.96596,1.0,0.00015,42
84,LH_Default_PFC_2,Default,LH,cortex,CVR,1,555,555.0,-0.0122,-0.23065,1.58661,0.12055,0.77597,0.46787,-0.14659,-0.8589,0.39527,0.84652,1.0,0.01726,42
85,LH_Default_PFC_3,Default,LH,cortex,CVR,1,399,399.0,0.21386,0.13872,0.64904,0.51974,0.89965,0.19139,-0.04586,-0.31195,0.75662,0.92422,1.0,0.00231,42
86,LH_Default_PFC_4,Default,LH,cortex,CVR,1,907,907.0,0.31049,0.16844,1.2699,0.21308,0.86401,0.37447,-0.11794,-0.83512,0.40838,0.84652,1.0,0.01633,42
87,LH_Default_PFC_5,Default,LH,cortex,CVR,1,723,723.0,0.22755,0.15511,0.97842,0.33367,0.86401,0.28852,-0.07897,-0.84406,0.40342,0.84652,1.0,0.01668,42
88,LH_Default_PFC_6,Default,LH,cortex,CVR,1,623,623.0,0.20201,0.08446,0.71338,0.48078,0.89965,0.21036,-0.17112,-0.84294,0.40404,0.84652,1.0,0.01664,42
89,LH_Default_PFC_7,Default,LH,cortex,CVR,1,853,853.0,0.39121,0.21952,1.28754,0.20685,0.86401,0.37968,-0.2197,-1.30662,0.19845,0.84315,1.0,0.03906,42
90,LH_Default_PFC_8,Default,LH,cortex,CVR,1,607,607.0,0.31309,0.21197,0.71188,0.48135,0.89965,0.20992,-0.09344,-0.51649,0.60822,0.88248,1.0,0.00631,42
91,LH_Default_PFC_9,Default,LH,cortex,CVR,1,585,585.0,0.06469,0.08212,-0.23503,0.81546,0.96881,-0.06931,0.02786,0.29498,0.76946,0.92422,1.0,0.00207,42
92,LH_Default_PFC_10,Default,LH,cortex,CVR,1,686,686.0,0.70681,0.82067,-0.73056,0.46921,0.89965,-0.21543,0.13137,0.66134,0.51201,0.87773,1.0,0.01031,42
93,LH_Default_PFC_11,Default,LH,cortex,CVR,1,504,504.0,0.09576,0.07756,0.24804,0.80532,0.96881,0.07314,0.01035,0.11602,0.90819,0.96596,1.0,0.00032,42
94,LH_Default_PFC_12,Default,LH,cortex,CVR,1,834,834.0,-0.01433,-0.05569,0.58681,0.56056,0.89965,0.17304,-0.01568,-0.17535,0.86165,0.96587,1.0,0.00073,42
95,LH_Default_PFC_13,Default,LH,cortex,CVR,1,646,646.0,0.09723,0.38863,-2.18654,0.03653,0.65571,-0.64478,0.35983,2.21518,0.03222,0.79698,1.0,0.10461,42
96,LH_Default_pCunPCC_1,Default,LH,cortex,CVR,1,539,539.0,0.34713,0.36571,-0.10396,0.91768,0.99419,-0.03066,0.02585,0.11451,0.90938,0.96596,1.0,0.00031,42
97,LH_Default_pCunPCC_2,Default,LH,cortex,CVR,1,702,702.0,0.35225,0.43942,-0.47208,0.63938,0.92724,-0.13921,0.07482,0.31878,0.75148,0.92422,1.0,0.00241,42
98,LH_Default_pCunPCC_3,Default,LH,cortex,CVR,1,429,429.0,0.48538,0.49765,-0.10357,0.91798,0.99419,-0.03054,-0.08127,-0.54572,0.58815,0.88248,1.0,0.00704,42
99,LH_Default_pCunPCC_4,Default,LH,cortex,CVR,1,588,588.0,0.40232,0.58404,-0.94287,0.3518,0.86495,-0.27804,0.13326,0.54309,0.58994,0.88248,1.0,0.00697,42
100,LH_Default_PHC_1,Default,LH,cortex,CVR,1,683,683.0,-0.19991,-0.31774,1.31199,0.20121,0.86401,0.38688,-0.09873,-0.86417,0.3924,0.84652,1.0,0.01747,42
101,RH_Vis_1,Visual,RH,cortex,CVR,1,798,798.0,-0.05624,-0.00681,-0.55709,0.58029,0.89965,-0.16428,0.18985,1.82957,0.07442,0.83491,1.0,0.07382,42
102,RH_Vis_2,Visual,RH,cortex,CVR,1,657,657.0,-0.18294,-0.27404,1.58784,0.12214,0.77597,0.46823,-0.09358,-1.33021,0.19063,0.84315,1.0,0.04043,42
103,RH_Vis_3,Visual,RH,cortex,CVR,1,1280,1280.0,0.19471,0.17458,0.16709,0.86812,0.98453,0.04927,0.06029,0.4452,0.65846,0.89869,1.0,0.0047,42
104,RH_Vis_4,Visual,RH,cortex,CVR,1,659,659.0,0.23578,0.11969,0.71433,0.47944,0.89965,0.21064,-0.14959,-0.73387,0.4671,0.84652,1.0,0.01266,42
105,RH_Vis_5,Visual,RH,cortex,CVR,1,509,509.0,0.37026,0.23823,1.01357,0.3175,0.86401,0.29888,-0.19312,-1.18768,0.24163,0.84652,1.0,0.03249,42
106,RH_Vis_6,Visual,RH,cortex,CVR,1,761,761.0,0.33721,0.32258,0.09457,0.92515,0.99419,0.02789,0.11307,0.61559,0.54149,0.88157,1.0,0.00894,42
107,RH_Vis_7,Visual,RH,cortex,CVR,1,373,373.0,0.23385,0.18143,0.32968,0.74324,0.94218,0.09722,-0.06621,-0.32871,0.74401,0.92422,1.0,0.00257,42
108,RH_Vis_8,Visual,RH,cortex,CVR,1,598,598.0,0.01633,0.03758,-0.23437,0.81585,0.96881,-0.06911,0.15691,1.47178,0.14853,0.84315,1.0,0.04905,42
109,RH_Vis_9,Visual,RH,cortex,CVR,1,759,759.0,0.3475,0.22097,0.65626,0.51575,0.89965,0.19352,-0.07463,-0.30595,0.76115,0.92422,1.0,0.00222,42
110,RH_Vis_10,Visual,RH,cortex,CVR,1,385,385.0,0.12022,0.04719,0.32453,0.74729,0.94218,0.0957,0.0171,0.05987,0.95254,0.96596,1.0,9e-05,42
111,RH_Vis_11,Visual,RH,cortex,CVR,1,530,530.0,-0.19983,-0.25582,1.01114,0.31751,0.86401,0.29817,-0.06853,-1.02824,0.30972,0.84652,1.0,0.02455,42
112,RH_Vis_12,Visual,RH,cortex,CVR,1,918,918.0,-0.08827,-0.12159,0.34903,0.72888,0.94218,0.10292,-0.05752,-0.5005,0.61934,0.88587,1.0,0.00593,42
113,RH_Vis_13,Visual,RH,cortex,CVR,1,683,683.0,0.27653,0.39166,-0.56913,0.57217,0.89965,-0.16783,0.21759,0.85517,0.39731,0.84652,1.0,0.01711,42
114,RH_Vis_14,Visual,RH,cortex,CVR,1,278,278.0,0.39481,0.43686,-0.3203,0.75026,0.94218,-0.09445,-0.05515,-0.33823,0.73688,0.92422,1.0,0.00272,42
115,RH_Vis_15,Visual,RH,cortex,CVR,1,726,726.0,0.12672,0.05401,0.66234,0.51131,0.89965,0.19531,-0.01312,-0.09508,0.9247,0.96596,1.0,0.00022,42
116,RH_SomMot_1,Somatomotor,RH,cortex,CVR,1,572,572.0,0.29289,0.31092,-0.13537,0.89294,0.98999,-0.03992,-0.02072,-0.12263,0.90298,0.96596,1.0,0.00036,42
117,RH_SomMot_2,Somatomotor,RH,cortex,CVR,1,459,459.0,0.36228,0.33455,0.21799,0.82868,0.97044,0.06428,0.01018,0.06403,0.94925,0.96596,1.0,0.0001,42
118,RH_SomMot_3,Somatomotor,RH,cortex,CVR,1,382,382.0,-0.21559,-0.11445,-1.2088,0.23364,0.86401,-0.35646,0.06148,0.57934,0.56545,0.88248,1.0,0.00793,42
119,RH_SomMot_4,Somatomotor,RH,cortex,CVR,1,398,398.0,-0.08486,0.0216,-0.81028,0.42263,0.88628,-0.23894,0.06821,0.40908,0.68456,0.9051,1.0,0.00397,42
120,RH_SomMot_5,Somatomotor,RH,cortex,CVR,1,227,227.0,0.40631,0.4065,-0.00106,0.99916,0.99916,-0.00031,-0.05402,-0.24454,0.808,0.94853,1.0,0.00142,42
121,RH_SomMot_6,Somatomotor,RH,cortex,CVR,1,266,266.0,0.34317,0.39096,-0.23369,0.81631,0.96881,-0.06891,-0.15604,-0.61635,0.54099,0.88157,1.0,0.00896,42
122,RH_SomMot_7,Somatomotor,RH,cortex,CVR,1,643,643.0,0.13276,0.20671,-0.4527,0.65351,0.93483,-0.13349,0.0931,0.45126,0.65412,0.89869,1.0,0.00483,42
123,RH_SomMot_8,Somatomotor,RH,cortex,CVR,1,239,239.0,0.16691,0.24392,-0.62075,0.53818,0.89965,-0.18305,0.03984,0.25249,0.80189,0.94853,1.0,0.00152,42
124,RH_SomMot_9,Somatomotor,RH,cortex,CVR,1,335,335.0,0.0145,0.04658,-0.43075,0.66876,0.9404,-0.12702,0.04465,0.47241,0.63908,0.89683,1.0,0.00529,42
125,RH_SomMot_10,Somatomotor,RH,cortex,CVR,1,356,356.0,-0.01816,0.07416,-1.17954,0.24649,0.86401,-0.34783,0.07567,0.75934,0.45189,0.84652,1.0,0.01354,42
126,RH_SomMot_11,Somatomotor,RH,cortex,CVR,1,465,465.0,0.33624,0.48263,-0.85656,0.39635,0.88624,-0.25258,0.17769,0.81598,0.41912,0.84652,1.0,0.01561,42
127,RH_SomMot_12,Somatomotor,RH,cortex,CVR,1,344,344.0,-0.10437,0.00071,-1.07716,0.28731,0.86401,-0.31764,0.17262,1.41107,0.16559,0.84315,1.0,0.04526,42
128,RH_SomMot_13,Somatomotor,RH,cortex,CVR,1,230,230.0,-0.17353,-0.00617,-1.44694,0.15808,0.86401,-0.42668,0.17016,1.15733,0.25368,0.84652,1.0,0.03091,42
129,RH_SomMot_14,Somatomotor,RH,cortex,CVR,1,496,496.0,-0.06089,0.03172,-1.02045,0.31309,0.86401,-0.30092,0.14337,1.27082,0.21079,0.84315,1.0,0.03703,42
130,RH_SomMot_15,Somatomotor,RH,cortex,CVR,1,250,250.0,-0.1723,0.05559,-2.0793,0.04635,0.65571,-0.61315,0.29784,2.16853,0.03583,0.79698,1.0,0.10069,42
131,RH_SomMot_16,Somatomotor,RH,cortex,CVR,1,608,608.0,-0.05459,0.00229,-0.65695,0.51504,0.89965,-0.19372,0.14902,1.40342,0.16784,0.84315,1.0,0.04479,42
132,RH_SomMot_17,Somatomotor,RH,cortex,CVR,1,344,344.0,0.11377,0.32471,-1.3976,0.17212,0.86401,-0.41213,0.28084,1.46618,0.15005,0.84315,1.0,0.04869,42
133,RH_SomMot_18,Somatomotor,RH,cortex,CVR,1,679,679.0,0.16804,0.49834,-2.37002,0.02246,0.65571,-0.69888,0.41126,2.33252,0.02454,0.79698,1.0,0.11468,42
134,RH_SomMot_19,Somatomotor,RH,cortex,CVR,1,227,227.0,-0.14392,0.12828,-2.77851,0.00871,0.65571,-0.81934,0.28625,2.34867,0.02362,0.79698,1.0,0.11609,42
135,RH_DorsAttn_Post_1,DorsAttn,RH,cortex,CVR,1,1133,1133.0,0.58246,0.72241,-0.84384,0.40367,0.88624,-0.24883,0.29567,1.636,0.10931,0.84315,1.0,0.05991,42
136,RH_DorsAttn_Post_2,DorsAttn,RH,cortex,CVR,1,841,841.0,-0.04943,-0.15655,2.01681,0.05012,0.65571,0.59472,-0.13941,-2.07839,0.04382,0.80528,1.0,0.09326,42
137,RH_DorsAttn_Post_3,DorsAttn,RH,cortex,CVR,1,329,329.0,0.06145,0.0322,0.43485,0.66604,0.9404,0.12823,0.00553,0.06486,0.94859,0.96596,1.0,0.0001,42
138,RH_DorsAttn_Post_4,DorsAttn,RH,cortex,CVR,1,367,367.0,0.14895,0.17389,-0.2771,0.78307,0.96881,-0.08171,0.09653,0.85404,0.39793,0.84652,1.0,0.01707,42
139,RH_DorsAttn_Post_5,DorsAttn,RH,cortex,CVR,1,413,413.0,-0.11038,-0.12239,0.20294,0.8402,0.97157,0.05984,-0.04038,-0.54472,0.58883,0.88248,1.0,0.00702,42
140,RH_DorsAttn_Post_6,DorsAttn,RH,cortex,CVR,1,281,281.0,0.51398,0.63324,-0.83422,0.40867,0.88624,-0.246,0.2654,1.49385,0.14269,0.84315,1.0,0.05045,42
141,RH_DorsAttn_Post_7,DorsAttn,RH,cortex,CVR,1,514,514.0,0.09994,0.15249,-0.49804,0.62094,0.92724,-0.14686,0.10233,0.76713,0.4473,0.84652,1.0,0.01382,42
142,RH_DorsAttn_Post_8,DorsAttn,RH,cortex,CVR,1,666,666.0,0.26007,0.29125,-0.21827,0.82837,0.97044,-0.06436,0.12236,0.68717,0.49575,0.86357,1.0,0.01112,42
143,RH_DorsAttn_Post_9,DorsAttn,RH,cortex,CVR,1,668,668.0,0.45727,0.57319,-0.77517,0.44308,0.89965,-0.22859,0.15204,0.79875,0.42893,0.84652,1.0,0.01496,42
144,RH_DorsAttn_Post_10,DorsAttn,RH,cortex,CVR,1,431,431.0,-0.12093,-0.01945,-1.0616,0.29459,0.86401,-0.31305,0.08626,0.70954,0.48191,0.84652,1.0,0.01184,42
145,RH_DorsAttn_FEF_1,DorsAttn,RH,cortex,CVR,1,494,494.0,-0.10427,-0.04189,-1.00902,0.31858,0.86401,-0.29754,0.07007,0.89866,0.37396,0.84652,1.0,0.01887,42
146,RH_DorsAttn_FEF_2,DorsAttn,RH,cortex,CVR,1,602,602.0,0.19635,0.12281,0.68591,0.49638,0.89965,0.20226,0.07651,0.58612,0.56094,0.88248,1.0,0.00811,42
147,RH_DorsAttn_PrCv_1,DorsAttn,RH,cortex,CVR,1,782,782.0,0.26374,0.25585,0.06952,0.94492,0.99639,0.0205,0.00231,0.01619,0.98716,0.99175,1.0,1e-05,42
148,RH_SalVentAttn_TempOccPar_1,VentAttn/Sal,RH,cortex,CVR,1,442,442.0,0.03485,0.03124,0.05113,0.95949,0.99639,0.01508,-0.01305,-0.1472,0.88368,0.96587,1.0,0.00052,42
149,RH_SalVentAttn_TempOccPar_2,VentAttn/Sal,RH,cortex,CVR,1,333,333.0,-0.03769,0.02792,-1.05141,0.30117,0.86401,-0.31004,0.11015,1.41378,0.1648,0.84315,1.0,0.04543,42
150,RH_SalVentAttn_TempOccPar_3,VentAttn/Sal,RH,cortex,CVR,1,764,764.0,0.0973,0.161,-0.69508,0.49073,0.89965,-0.20497,0.08869,0.76079,0.45104,0.84652,1.0,0.01359,42
151,RH_SalVentAttn_PrC_1,VentAttn/Sal,RH,cortex,CVR,1,360,360.0,0.18838,0.31548,-1.15509,0.25435,0.86401,-0.34062,0.15019,1.0793,0.28661,0.84652,1.0,0.02699,42
152,RH_SalVentAttn_FrOperIns_1,VentAttn/Sal,RH,cortex,CVR,1,367,367.0,-0.10102,-0.11236,0.10824,0.91433,0.99419,0.03192,-0.01093,-0.08182,0.93518,0.96596,1.0,0.00016,42
153,RH_SalVentAttn_FrOperIns_2,VentAttn/Sal,RH,cortex,CVR,1,722,722.0,0.10789,0.03554,0.83182,0.41002,0.88624,0.24529,-0.09307,-0.84307,0.40397,0.84652,1.0,0.01664,42
154,RH_SalVentAttn_FrOperIns_3,VentAttn/Sal,RH,cortex,CVR,1,364,364.0,-0.13821,-0.1695,0.47761,0.63536,0.92724,0.14084,0.01374,0.16617,0.86882,0.96587,1.0,0.00066,42
155,RH_SalVentAttn_FrOperIns_4,VentAttn/Sal,RH,cortex,CVR,1,877,877.0,0.05553,0.10071,-0.48989,0.62671,0.92724,-0.14446,0.01966,0.16754,0.86775,0.96587,1.0,0.00067,42
156,RH_SalVentAttn_Med_1,VentAttn/Sal,RH,cortex,CVR,1,727,727.0,0.47602,0.39042,0.54182,0.59143,0.89965,0.15977,-0.02914,-0.14503,0.88538,0.96587,1.0,0.0005,42
157,RH_SalVentAttn_Med_2,VentAttn/Sal,RH,cortex,CVR,1,587,587.0,0.1405,0.18547,-0.40031,0.6909,0.94218,-0.11804,0.05854,0.4088,0.68476,0.9051,1.0,0.00396,42
158,RH_SalVentAttn_Med_3,VentAttn/Sal,RH,cortex,CVR,1,573,573.0,0.2421,0.46935,-1.73005,0.09259,0.70685,-0.51016,0.41552,2.59756,0.01289,0.79698,1.0,0.13841,42
159,RH_Limbic_OFC_1,Limbic,RH,cortex,CVR,1,846,846.0,0.07597,0.11747,-0.33032,0.74277,0.94218,-0.09741,-0.15203,-1.00687,0.31976,0.84652,1.0,0.02357,42
160,RH_Limbic_OFC_2,Limbic,RH,cortex,CVR,1,735,735.0,0.16369,0.22994,-0.61563,0.54178,0.89965,-0.18154,0.09936,0.73563,0.46604,0.84652,1.0,0.01272,42
161,RH_Limbic_OFC_3,Limbic,RH,cortex,CVR,1,647,647.0,0.30336,0.19225,1.23001,0.22626,0.86401,0.36271,-0.18893,-1.66591,0.10317,0.84315,1.0,0.06198,42
162,RH_Limbic_TempPole_1,Limbic,RH,cortex,CVR,1,1025,1025.0,-0.22015,-0.21273,-0.07715,0.93886,0.99639,-0.02275,0.02075,0.18753,0.85215,0.96587,1.0,0.00084,42
163,RH_Limbic_TempPole_2,Limbic,RH,cortex,CVR,1,1108,1108.0,-0.20764,-0.14662,-0.89343,0.37676,0.88624,-0.26346,0.19321,2.41761,0.02004,0.79698,1.0,0.12216,42
164,RH_Limbic_TempPole_3,Limbic,RH,cortex,CVR,1,499,499.0,-0.20822,-0.23615,0.3622,0.71936,0.94218,0.10681,0.0685,0.72173,0.47446,0.84652,1.0,0.01225,42
165,RH_Cont_Par_1,Control/FP,RH,cortex,CVR,1,264,264.0,0.005,-0.00201,0.10718,0.91515,0.99419,0.0316,0.07039,0.90875,0.36867,0.84652,1.0,0.01928,42
166,RH_Cont_Par_2,Control/FP,RH,cortex,CVR,1,305,305.0,0.28932,0.43815,-0.99185,0.32724,0.86401,-0.29248,0.25993,1.37422,0.17666,0.84315,1.0,0.04303,42
167,RH_Cont_Par_3,Control/FP,RH,cortex,CVR,1,613,613.0,0.42116,0.46914,-0.31359,0.75545,0.94321,-0.09247,0.08263,0.42723,0.6714,0.90076,1.0,0.00433,42
168,RH_Cont_Temp_1,Control/FP,RH,cortex,CVR,1,659,659.0,0.38511,0.47637,-0.57312,0.56955,0.89965,-0.169,0.35767,1.9745,0.05492,0.83491,1.0,0.08494,42
169,RH_Cont_PFCv_1,Control/FP,RH,cortex,CVR,1,242,242.0,0.01292,0.01445,-0.02085,0.98347,0.99732,-0.00615,-0.01507,-0.16142,0.87254,0.96587,1.0,0.00062,42
170,RH_Cont_PFCl_1,Control/FP,RH,cortex,CVR,1,902,902.0,0.09745,0.01434,0.9634,0.34075,0.86401,0.28409,-0.11384,-1.0598,0.29529,0.84652,1.0,0.02605,42
171,RH_Cont_PFCl_2,Control/FP,RH,cortex,CVR,1,676,676.0,0.4305,0.29181,1.38096,0.17632,0.86401,0.40722,-0.21037,-1.71707,0.09333,0.83999,1.0,0.06559,42
172,RH_Cont_PFCl_3,Control/FP,RH,cortex,CVR,1,876,876.0,0.36936,0.18892,1.95021,0.05768,0.65579,0.57509,-0.15162,-1.2922,0.20335,0.84315,1.0,0.03824,42
173,RH_Cont_PFCl_4,Control/FP,RH,cortex,CVR,1,992,992.0,0.33557,0.31603,0.15809,0.87513,0.98453,0.04662,0.03818,0.24668,0.80636,0.94853,1.0,0.00145,42
174,RH_Cont_PFCl_5,Control/FP,RH,cortex,CVR,1,879,879.0,0.23165,0.19193,0.40083,0.69048,0.94218,0.1182,-0.03842,-0.30457,0.7622,0.92422,1.0,0.0022,42
175,RH_Cont_PFCl_6,Control/FP,RH,cortex,CVR,1,373,373.0,0.34224,0.22309,1.02018,0.31361,0.86401,0.30083,-0.10394,-0.70932,0.48204,0.84652,1.0,0.01184,42
176,RH_Cont_PFCl_7,Control/FP,RH,cortex,CVR,1,911,911.0,0.35726,0.3994,-0.41972,0.67679,0.94218,-0.12377,0.12321,0.98607,0.32975,0.84652,1.0,0.02263,42
177,RH_Cont_pCun_1,Control/FP,RH,cortex,CVR,1,471,471.0,0.4271,0.67244,-1.06549,0.29472,0.86401,-0.3142,0.2759,0.98878,0.32844,0.84652,1.0,0.02275,42
178,RH_Cont_Cing_1,Control/FP,RH,cortex,CVR,1,340,340.0,0.42918,0.29762,1.08521,0.28431,0.86401,0.32001,-0.20217,-1.32274,0.19308,0.84315,1.0,0.03999,42
179,RH_Cont_Cing_2,Control/FP,RH,cortex,CVR,1,210,210.0,0.08948,-0.00752,0.94087,0.35239,0.86495,0.27745,-0.1639,-1.2716,0.21051,0.84315,1.0,0.03707,42
180,RH_Cont_PFCmp_1,Control/FP,RH,cortex,CVR,1,636,636.0,0.38902,0.26015,1.02056,0.31452,0.86401,0.30095,-0.1024,-0.64528,0.52225,0.88157,1.0,0.00982,42
181,RH_Cont_PFCmp_2,Control/FP,RH,cortex,CVR,1,793,793.0,0.36357,0.57887,-1.97662,0.05464,0.65571,-0.58287,0.20898,1.552,0.12817,0.84315,1.0,0.05424,42
182,RH_Default_Par_1,Default,RH,cortex,CVR,1,533,533.0,0.04458,-0.09328,1.4906,0.14617,0.86401,0.43955,-0.16156,-1.37228,0.17726,0.84315,1.0,0.04291,42
183,RH_Default_Par_2,Default,RH,cortex,CVR,1,736,736.0,0.07063,0.00681,0.77676,0.44159,0.89965,0.22906,-0.00725,-0.07041,0.9442,0.96596,1.0,0.00012,42
184,RH_Default_Par_3,Default,RH,cortex,CVR,1,354,354.0,0.17456,0.26579,-0.59885,0.55253,0.89965,-0.17659,0.15122,0.78109,0.43913,0.84652,1.0,0.01432,42
185,RH_Default_Temp_1,Default,RH,cortex,CVR,1,926,926.0,-0.14859,-0.2091,1.02499,0.31129,0.86401,0.30225,-0.0536,-0.72687,0.47134,0.84652,1.0,0.01242,42
186,RH_Default_Temp_2,Default,RH,cortex,CVR,1,1030,1030.0,0.11817,-0.01862,1.19024,0.24053,0.86401,0.35098,0.01698,0.12274,0.9029,0.96596,1.0,0.00036,42
187,RH_Default_Temp_3,Default,RH,cortex,CVR,1,700,700.0,0.03534,-0.03724,1.31741,0.19469,0.86401,0.38848,-0.05727,-0.81731,0.41836,0.84652,1.0,0.01566,42
188,RH_Default_Temp_4,Default,RH,cortex,CVR,1,438,438.0,0.29567,0.31068,-0.14674,0.88401,0.98936,-0.04327,0.12923,1.02232,0.31248,0.84652,1.0,0.02428,42
189,RH_Default_Temp_5,Default,RH,cortex,CVR,1,462,462.0,-0.12684,-0.12507,-0.03659,0.97099,0.99732,-0.01079,0.03221,0.53048,0.59858,0.88248,1.0,0.00666,42
190,RH_Default_PFCv_1,Default,RH,cortex,CVR,1,930,930.0,0.3911,0.26735,1.22532,0.22706,0.86401,0.36133,-0.14714,-1.14825,0.25736,0.84652,1.0,0.03044,42
191,RH_Default_PFCdPFCm_1,Default,RH,cortex,CVR,1,988,988.0,0.16462,0.13976,0.17122,0.86484,0.98453,0.05049,-0.05906,-0.32611,0.74596,0.92422,1.0,0.00253,42
192,RH_Default_PFCdPFCm_2,Default,RH,cortex,CVR,1,591,591.0,-0.0619,-0.18154,1.16935,0.25087,0.86401,0.34482,-0.12402,-0.96532,0.33991,0.84652,1.0,0.0217,42
193,RH_Default_PFCdPFCm_3,Default,RH,cortex,CVR,1,114,114.0,-0.2498,-0.31983,1.03672,0.30579,0.86401,0.30571,-0.10102,-1.17941,0.24487,0.84652,1.0,0.03206,42
194,RH_Default_PFCdPFCm_4,Default,RH,cortex,CVR,1,1265,1265.0,0.33036,0.1704,1.72242,0.09392,0.70685,0.50791,-0.21641,-1.8681,0.06873,0.83491,1.0,0.07672,42
195,RH_Default_PFCdPFCm_5,Default,RH,cortex,CVR,1,780,780.0,0.07527,0.11326,-0.46609,0.64348,0.92724,-0.13744,0.07795,0.76624,0.44782,0.84652,1.0,0.01379,42
196,RH_Default_PFCdPFCm_6,Default,RH,cortex,CVR,1,525,525.0,0.15074,0.08745,0.84131,0.40511,0.88624,0.24809,-0.08267,-0.88099,0.38334,0.84652,1.0,0.01814,42
197,RH_Default_PFCdPFCm_7,Default,RH,cortex,CVR,1,432,432.0,0.02363,-0.01867,0.57762,0.56688,0.89965,0.17033,0.00052,0.00559,0.99557,0.99557,1.0,0.0,42
198,RH_Default_pCunPCC_1,Default,RH,cortex,CVR,1,484,484.0,0.37291,0.32462,0.33053,0.74258,0.94218,0.09747,-0.01683,-0.09055,0.92828,0.96596,1.0,0.0002,42
199,RH_Default_pCunPCC_2,Default,RH,cortex,CVR,1,924,924.0,0.34007,0.41695,-0.54723,0.58762,0.89965,-0.16137,0.08971,0.50446,0.61658,0.88587,1.0,0.00602,42
200,RH_Default_pCunPCC_3,Default,RH,cortex,CVR,1,563,563.0,0.53556,0.67124,-0.6591,0.51336,0.89965,-0.19436,0.23322,0.89422,0.3763,0.84652,1.0,0.01868,42
201,Hippocampus-RH,Subcortex,RH,subcortex,CVR,1,699,699.0,-0.26116,-0.3072,0.86041,0.39562,0.88624,0.25372,-0.0294,-0.43513,0.66569,0.89869,1.0,0.00449,42
202,Amygdala-RH,Subcortex,RH,subcortex,CVR,1,380,380.0,-0.26124,-0.21758,-0.64609,0.52161,0.89965,-0.19052,0.0723,0.84335,0.40381,0.84652,1.0,0.01665,42
203,Thalamus-post-RH,Subcortex,RH,subcortex,CVR,1,387,387.0,-0.04644,-0.05384,0.09505,0.92477,0.99419,0.02803,-0.01868,-0.18928,0.85078,0.96587,1.0,0.00085,42
204,Thalamus-ant-RH,Subcortex,RH,subcortex,CVR,1,868,868.0,-0.01524,-0.02641,0.2145,0.83116,0.97044,0.06325,-0.03878,-0.61356,0.54282,0.88157,1.0,0.00888,42
205,Accumbens-RH,Subcortex,RH,subcortex,CVR,1,255,255.0,-0.26959,-0.2654,-0.07684,0.93914,0.99639,-0.02266,0.02151,0.30986,0.7582,0.92422,1.0,0.00228,42
206,Pallidum-RH,Subcortex,RH,subcortex,CVR,1,198,198.0,-0.19998,-0.23808,0.70697,0.48459,0.89965,0.20847,-0.06457,-0.97872,0.33332,0.84652,1.0,0.0223,42
207,Putamen-RH,Subcortex,RH,subcortex,CVR,1,940,940.0,-0.19843,-0.22663,0.76451,0.44928,0.89965,0.22544,-0.0272,-0.57822,0.5662,0.88248,1.0,0.0079,42
208,Caudate-RH,Subcortex,RH,subcortex,CVR,1,435,435.0,-0.28149,-0.32424,0.97922,0.33285,0.86401,0.28876,-0.03018,-0.55476,0.582,0.88248,1.0,0.00727,42
209,Hippocampus-LH,Subcortex,LH,subcortex,CVR,1,690,690.0,-0.38138,-0.39575,0.36111,0.71976,0.94218,0.10648,0.00985,0.19658,0.8451,0.96587,1.0,0.00092,42
210,Amygdala-LH,Subcortex,LH,subcortex,CVR,1,395,395.0,-0.33328,-0.26683,-1.36978,0.17842,0.86401,-0.40392,0.0686,1.10988,0.27336,0.84652,1.0,0.02849,42
211,Thalamus-post-LH,Subcortex,LH,subcortex,CVR,1,446,446.0,-0.10273,-0.02784,-1.31777,0.19528,0.86401,-0.38859,0.12453,1.80556,0.07816,0.83491,1.0,0.07203,42
212,Thalamus-ant-LH,Subcortex,LH,subcortex,CVR,1,965,965.0,0.04537,0.06057,-0.20167,0.84112,0.97157,-0.05947,0.00414,0.0444,0.9648,0.97381,1.0,5e-05,42
213,Accumbens-LH,Subcortex,LH,subcortex,CVR,1,281,281.0,-0.22266,-0.26655,0.8241,0.41437,0.88624,0.24301,-0.08853,-1.32689,0.19171,0.84315,1.0,0.04023,42
214,Pallidum-LH,Subcortex,LH,subcortex,CVR,1,198,198.0,-0.19969,-0.29733,1.81827,0.07662,0.70142,0.53618,-0.12151,-1.7869,0.08117,0.83491,1.0,0.07065,42
215,Putamen-LH,Subcortex,LH,subcortex,CVR,1,919,919.0,-0.16753,-0.26143,2.05062,0.04855,0.65571,0.60469,-0.10048,-1.72377,0.0921,0.83999,1.0,0.06607,42
216,Caudate-LH,Subcortex,LH,subcortex,CVR,1,506,506.0,-0.2639,-0.35599,1.78553,0.08145,0.70374,0.52652,-0.06513,-1.00501,0.32065,0.84652,1.0,0.02348,42
1,LH_Vis_1,Visual,LH,cortex,BAT,1,545,545.0,0.07725,-0.04297,1.31551,0.19534,0.9771,0.38792,-0.17512,-1.51466,0.13735,0.77211,1.0,0.05179,42
2,LH_Vis_2,Visual,LH,cortex,BAT,1,1120,1120.0,-0.36489,-0.38849,0.33907,0.73621,0.9771,0.09999,-0.07775,-0.89176,0.3776,0.83413,1.0,0.01858,42
3,LH_Vis_3,Visual,LH,cortex,BAT,1,652,652.0,-0.35986,-0.38873,0.4462,0.65765,0.9771,0.13158,-0.04834,-0.64203,0.52434,0.90948,1.0,0.00972,42
4,LH_Vis_4,Visual,LH,cortex,BAT,1,517,517.0,-0.35854,-0.40947,0.72969,0.46981,0.9771,0.21517,-0.09774,-1.12547,0.26678,0.83413,1.0,0.02928,42
5,LH_Vis_5,Visual,LH,cortex,BAT,1,369,369.0,-0.57437,-0.5775,0.05256,0.95833,0.99519,0.0155,0.00269,0.03607,0.9714,0.9864,1.0,3e-05,42
6,LH_Vis_6,Visual,LH,cortex,BAT,1,163,163.0,0.15476,0.06735,0.65978,0.51333,0.9771,0.19456,-0.02156,-0.12862,0.89827,0.97993,1.0,0.00039,42
7,LH_Vis_7,Visual,LH,cortex,BAT,1,643,643.0,-0.44606,-0.37161,-0.80541,0.42492,0.9771,-0.2375,0.08614,0.74009,0.46336,0.89141,1.0,0.01287,42
8,LH_Vis_8,Visual,LH,cortex,BAT,1,608,608.0,-0.41127,-0.44764,0.59752,0.55325,0.9771,0.1762,-0.03151,-0.42787,0.67093,0.92714,1.0,0.00434,42
9,LH_Vis_9,Visual,LH,cortex,BAT,1,580,580.0,-0.2093,-0.20799,-0.01639,0.987,0.99728,-0.00483,-0.06508,-0.66859,0.50741,0.90948,1.0,0.01053,42
10,LH_Vis_10,Visual,LH,cortex,BAT,1,940,940.0,-0.27201,-0.25994,-0.1191,0.90575,0.99482,-0.03512,0.04996,0.38767,0.70022,0.92915,1.0,0.00357,42
11,LH_Vis_11,Visual,LH,cortex,BAT,1,582,582.0,-0.30625,-0.31041,0.06834,0.94583,0.99519,0.02015,-0.03545,-0.47665,0.63608,0.90948,1.0,0.00538,42
12,LH_Vis_12,Visual,LH,cortex,BAT,1,339,339.0,-0.37755,-0.39116,0.14155,0.88809,0.99482,0.04174,0.06873,0.57163,0.57062,0.90948,1.0,0.00772,42
13,LH_Vis_13,Visual,LH,cortex,BAT,1,903,903.0,-0.37635,-0.33338,-0.57714,0.56712,0.9771,-0.17019,0.11296,1.21218,0.23222,0.83413,1.0,0.0338,42
14,LH_Vis_14,Visual,LH,cortex,BAT,1,666,666.0,-0.21039,-0.20806,-0.0338,0.97319,0.99605,-0.00997,-0.04698,-0.58001,0.56501,0.90948,1.0,0.00795,42
15,LH_SomMot_1,Somatomotor,LH,cortex,BAT,1,551,551.0,-0.2194,-0.20728,-0.21013,0.83453,0.99482,-0.06197,-0.05049,-0.70483,0.48481,0.90948,1.0,0.01169,42
16,LH_SomMot_2,Somatomotor,LH,cortex,BAT,1,736,736.0,-0.22725,-0.26503,0.61368,0.54258,0.9771,0.18097,-0.0131,-0.17009,0.86575,0.97993,1.0,0.00069,42
17,LH_SomMot_3,Somatomotor,LH,cortex,BAT,1,495,495.0,-0.03011,0.04298,-0.78011,0.43951,0.9771,-0.23004,0.00717,0.06069,0.9519,0.9864,1.0,9e-05,42
18,LH_SomMot_4,Somatomotor,LH,cortex,BAT,1,566,566.0,-0.38068,-0.42343,0.8452,0.40269,0.9771,0.24924,-0.06601,-1.06499,0.29297,0.83413,1.0,0.02629,42
19,LH_SomMot_5,Somatomotor,LH,cortex,BAT,1,368,368.0,-0.2116,-0.37047,1.93131,0.05999,0.89977,0.56951,-0.11147,-1.07349,0.28918,0.83413,1.0,0.02671,42
20,LH_SomMot_6,Somatomotor,LH,cortex,BAT,1,725,725.0,-0.35171,-0.44168,1.44865,0.15477,0.9771,0.42718,-0.09453,-1.21164,0.23242,0.83413,1.0,0.03377,42
21,LH_SomMot_7,Somatomotor,LH,cortex,BAT,1,451,451.0,-0.23023,-0.30548,1.30669,0.19815,0.9771,0.38532,-0.07785,-1.06096,0.29477,0.83413,1.0,0.0261,42
22,LH_SomMot_8,Somatomotor,LH,cortex,BAT,1,544,544.0,-0.45381,-0.44121,-0.15748,0.87561,0.99482,-0.04644,0.09672,0.97046,0.33737,0.83413,1.0,0.02193,42
23,LH_SomMot_9,Somatomotor,LH,cortex,BAT,1,284,284.0,-0.04891,-0.12126,1.0821,0.28523,0.9771,0.31909,-0.06244,-0.73341,0.46739,0.89141,1.0,0.01264,42
24,LH_SomMot_10,Somatomotor,LH,cortex,BAT,1,512,512.0,0.05921,-0.02686,1.15342,0.25532,0.9771,0.34012,-0.09004,-0.94687,0.34912,0.83413,1.0,0.0209,42
25,LH_SomMot_11,Somatomotor,LH,cortex,BAT,1,312,312.0,0.02235,-0.06873,1.02876,0.31022,0.9771,0.30336,-0.14672,-1.31129,0.19689,0.83387,1.0,0.03933,42
26,LH_SomMot_12,Somatomotor,LH,cortex,BAT,1,581,581.0,0.1145,0.04584,1.04897,0.30014,0.9771,0.30932,-0.09283,-1.11551,0.27097,0.83413,1.0,0.02878,42
27,LH_SomMot_13,Somatomotor,LH,cortex,BAT,1,294,294.0,0.08592,0.03962,0.46392,0.64504,0.9771,0.1368,-0.07655,-0.6039,0.54916,0.90948,1.0,0.00861,42
28,LH_SomMot_14,Somatomotor,LH,cortex,BAT,1,500,500.0,0.02493,-0.01957,0.58155,0.56384,0.9771,0.17149,-0.11812,-1.23925,0.22213,0.83413,1.0,0.03528,42
29,LH_SomMot_15,Somatomotor,LH,cortex,BAT,1,1048,1048.0,-0.0919,-0.18565,0.97936,0.33278,0.9771,0.2888,-0.10157,-0.83242,0.40988,0.84318,1.0,0.01623,42
30,LH_SomMot_16,Somatomotor,LH,cortex,BAT,1,275,275.0,0.16831,0.04502,1.10883,0.27358,0.9771,0.32698,-0.17569,-1.2451,0.22,0.83413,1.0,0.0356,42
31,LH_DorsAttn_Post_1,DorsAttn,LH,cortex,BAT,1,1236,1236.0,-0.15368,-0.18742,0.56099,0.57787,0.9771,0.16543,-0.08615,-1.17039,0.24844,0.83413,1.0,0.03158,42
32,LH_DorsAttn_Post_2,DorsAttn,LH,cortex,BAT,1,507,507.0,-0.62621,-0.62888,0.05806,0.95397,0.99519,0.01712,0.03291,0.58909,0.55896,0.90948,1.0,0.00819,42
33,LH_DorsAttn_Post_3,DorsAttn,LH,cortex,BAT,1,565,565.0,-0.25159,-0.33788,1.27002,0.21077,0.9771,0.37451,-0.13007,-1.52833,0.13393,0.77211,1.0,0.05268,42
34,LH_DorsAttn_Post_4,DorsAttn,LH,cortex,BAT,1,459,459.0,-0.32051,-0.39032,0.90399,0.371,0.9771,0.26657,-0.02564,-0.2624,0.7943,0.97032,1.0,0.00164,42
35,LH_DorsAttn_Post_5,DorsAttn,LH,cortex,BAT,1,385,385.0,0.01203,-0.01883,0.3663,0.71598,0.9771,0.10801,-0.00245,-0.02291,0.98183,0.9864,1.0,1e-05,42
36,LH_DorsAttn_Post_6,DorsAttn,LH,cortex,BAT,1,388,388.0,-0.11011,-0.13992,0.4217,0.67554,0.9771,0.12435,-0.10345,-1.17862,0.24519,0.83413,1.0,0.03202,42
37,LH_DorsAttn_Post_7,DorsAttn,LH,cortex,BAT,1,385,385.0,-0.3567,-0.37849,0.35571,0.72379,0.9771,0.10489,-0.0292,-0.37471,0.70976,0.92915,1.0,0.00333,42
38,LH_DorsAttn_Post_8,DorsAttn,LH,cortex,BAT,1,226,226.0,-0.16236,-0.21554,0.81457,0.41976,0.9771,0.2402,-0.08706,-1.05862,0.29583,0.83413,1.0,0.02599,42
39,LH_DorsAttn_Post_9,DorsAttn,LH,cortex,BAT,1,619,619.0,-0.36293,-0.38271,0.29888,0.76644,0.9771,0.08814,0.0428,0.51985,0.6059,0.90948,1.0,0.00639,42
40,LH_DorsAttn_Post_10,DorsAttn,LH,cortex,BAT,1,508,508.0,-0.07938,-0.14182,0.7039,0.48524,0.9771,0.20757,-0.0632,-0.5592,0.57899,0.90948,1.0,0.00739,42
41,LH_DorsAttn_FEF_1,DorsAttn,LH,cortex,BAT,1,737,737.0,-0.20435,-0.03104,-2.49651,0.01647,0.77462,-0.73618,0.13079,1.48928,0.14389,0.77211,1.0,0.05016,42
42,LH_DorsAttn_FEF_2,DorsAttn,LH,cortex,BAT,1,545,545.0,-0.29136,-0.1034,-2.75149,0.00858,0.77462,-0.81137,0.13258,1.57224,0.1234,0.77211,1.0,0.05558,42
43,LH_DorsAttn_PrCv_1,DorsAttn,LH,cortex,BAT,1,394,394.0,-0.19853,-0.0259,-2.38559,0.02152,0.77462,-0.70347,0.1704,1.85061,0.07127,0.77211,1.0,0.07539,42
44,LH_SalVentAttn_ParOper_1,VentAttn/Sal,LH,cortex,BAT,1,512,512.0,-0.31481,-0.32606,0.17757,0.86001,0.99482,0.05236,0.00236,0.03012,0.97611,0.9864,1.0,2e-05,42
45,LH_SalVentAttn_ParOper_2,VentAttn/Sal,LH,cortex,BAT,1,519,519.0,-0.47015,-0.61668,2.30566,0.02609,0.80518,0.6799,-0.11629,-1.50399,0.14007,0.77211,1.0,0.0511,42
46,LH_SalVentAttn_ParOper_3,VentAttn/Sal,LH,cortex,BAT,1,383,383.0,-0.63902,-0.6459,0.12188,0.90356,0.99482,0.03594,-0.01442,-0.20168,0.84114,0.97993,1.0,0.00097,42
47,LH_SalVentAttn_FrOperIns_1,VentAttn/Sal,LH,cortex,BAT,1,706,706.0,-0.09851,-0.08664,-0.1746,0.86223,0.99482,-0.05149,-0.02543,-0.29948,0.76605,0.95645,1.0,0.00213,42
48,LH_SalVentAttn_FrOperIns_2,VentAttn/Sal,LH,cortex,BAT,1,469,469.0,-0.15454,-0.02456,-1.4738,0.14784,0.9771,-0.4346,0.08131,0.72831,0.47047,0.89141,1.0,0.01247,42
49,LH_SalVentAttn_FrOperIns_3,VentAttn/Sal,LH,cortex,BAT,1,292,292.0,-0.15307,-0.04474,-1.35103,0.18367,0.9771,-0.3984,0.0879,0.86131,0.39396,0.83426,1.0,0.01736,42
50,LH_SalVentAttn_FrOperIns_4,VentAttn/Sal,LH,cortex,BAT,1,465,465.0,-0.352,-0.30877,-0.77189,0.44445,0.9771,-0.22762,0.03285,0.4645,0.64469,0.90948,1.0,0.00511,42
51,LH_SalVentAttn_PFCl_1,VentAttn/Sal,LH,cortex,BAT,1,1182,1182.0,-0.22271,-0.1517,-1.15913,0.25271,0.9771,-0.34181,0.07857,1.06141,0.29457,0.83413,1.0,0.02612,42
52,LH_SalVentAttn_Med_1,VentAttn/Sal,LH,cortex,BAT,1,782,782.0,-0.59959,-0.53758,-0.99772,0.32408,0.9771,-0.29421,0.10499,1.37189,0.17738,0.83292,1.0,0.04289,42
53,LH_SalVentAttn_Med_2,VentAttn/Sal,LH,cortex,BAT,1,631,631.0,-0.28914,-0.22768,-0.97429,0.33539,0.9771,-0.2873,0.07717,0.96086,0.34212,0.83413,1.0,0.02151,42
54,LH_SalVentAttn_Med_3,VentAttn/Sal,LH,cortex,BAT,1,512,512.0,-0.35217,-0.41578,0.8706,0.38875,0.9771,0.25673,-0.10813,-1.17804,0.24541,0.83413,1.0,0.03199,42
55,LH_Limbic_OFC_1,Limbic,LH,cortex,BAT,1,527,527.0,0.19467,0.16341,0.30051,0.76522,0.9771,0.08862,0.00849,0.06442,0.94894,0.9864,1.0,0.0001,42
56,LH_Limbic_OFC_2,Limbic,LH,cortex,BAT,1,1317,1317.0,0.54934,0.54434,0.04004,0.96825,0.99605,0.01181,0.03186,0.20514,0.83845,0.97993,1.0,0.001,42
57,LH_Limbic_TempPole_1,Limbic,LH,cortex,BAT,1,851,851.0,0.41707,0.21581,2.23565,0.03109,0.83351,0.65926,-0.23517,-2.0549,0.04614,0.77211,1.0,0.09135,42
58,LH_Limbic_TempPole_2,Limbic,LH,cortex,BAT,1,1006,1006.0,0.39884,0.32908,0.61877,0.53928,0.9771,0.18247,-0.23439,-1.75984,0.08572,0.77211,1.0,0.06868,42
59,LH_Limbic_TempPole_3,Limbic,LH,cortex,BAT,1,538,538.0,0.38422,0.32679,0.60541,0.54823,0.9771,0.17853,-0.11923,-1.02481,0.31132,0.83413,1.0,0.0244,42
60,LH_Limbic_TempPole_4,Limbic,LH,cortex,BAT,1,367,367.0,0.40481,0.47133,-0.93994,0.35292,0.9771,-0.27717,0.04804,0.5375,0.59376,0.90948,1.0,0.00683,42
61,LH_Cont_Par_1,Control/FP,LH,cortex,BAT,1,284,284.0,-0.64391,-0.60611,-0.68804,0.49523,0.9771,-0.20289,0.02663,0.381,0.70513,0.92915,1.0,0.00344,42
62,LH_Cont_Par_2,Control/FP,LH,cortex,BAT,1,548,548.0,-0.44755,-0.43825,-0.16262,0.87159,0.99482,-0.04795,-0.06359,-0.90691,0.36963,0.83413,1.0,0.01921,42
63,LH_Cont_Par_3,Control/FP,LH,cortex,BAT,1,401,401.0,-0.38813,-0.32373,-0.73878,0.46397,0.9771,-0.21786,0.05709,0.51369,0.61016,0.90948,1.0,0.00624,42
64,LH_Cont_Temp_1,Control/FP,LH,cortex,BAT,1,657,657.0,-0.47822,-0.4155,-1.20497,0.23472,0.9771,-0.35533,0.07164,1.10161,0.27691,0.83413,1.0,0.02808,42
65,LH_Cont_OFC_1,Control/FP,LH,cortex,BAT,1,539,539.0,0.00136,-0.07317,0.91898,0.36327,0.9771,0.27099,-0.03539,-0.34503,0.73179,0.93531,1.0,0.00283,42
66,LH_Cont_PFCl_1,Control/FP,LH,cortex,BAT,1,455,455.0,-0.25948,-0.22719,-0.55096,0.58462,0.9771,-0.16247,0.07204,0.97413,0.33557,0.83413,1.0,0.02209,42
67,LH_Cont_PFCl_2,Control/FP,LH,cortex,BAT,1,597,597.0,-0.25814,-0.24882,-0.12414,0.9018,0.99482,-0.03661,-0.00441,-0.04619,0.96338,0.9864,1.0,5e-05,42
68,LH_Cont_PFCl_3,Control/FP,LH,cortex,BAT,1,1141,1141.0,-0.26553,-0.16171,-1.91247,0.06248,0.89977,-0.56396,0.13443,1.95502,0.05726,0.77211,1.0,0.08341,42
69,LH_Cont_PFCl_4,Control/FP,LH,cortex,BAT,1,777,777.0,-0.20623,-0.04983,-2.48032,0.01703,0.77462,-0.73141,0.14853,1.87128,0.06828,0.77211,1.0,0.07696,42
70,LH_Cont_PFCl_5,Control/FP,LH,cortex,BAT,1,611,611.0,-0.20945,-0.15234,-0.82612,0.41345,0.9771,-0.24361,0.0764,0.86855,0.39003,0.83413,1.0,0.01764,42
71,LH_Cont_pCun_1,Control/FP,LH,cortex,BAT,1,481,481.0,-0.57404,-0.56946,-0.06352,0.94965,0.99519,-0.01873,0.07888,0.92264,0.36147,0.83413,1.0,0.01987,42
72,LH_Cont_Cing_1,Control/FP,LH,cortex,BAT,1,208,208.0,-0.30233,-0.22387,-0.68197,0.49887,0.9771,-0.2011,0.03289,0.2382,0.81289,0.97547,1.0,0.00135,42
73,LH_Cont_Cing_2,Control/FP,LH,cortex,BAT,1,164,164.0,-0.18908,-0.1329,-0.50842,0.61385,0.9771,-0.14992,0.24356,1.86416,0.0693,0.77211,1.0,0.07642,42
74,LH_Default_Temp_1,Default,LH,cortex,BAT,1,1077,1077.0,0.15181,0.13961,0.1952,0.84615,0.99482,0.05756,-0.02247,-0.28208,0.77927,0.96184,1.0,0.00189,42
75,LH_Default_Temp_2,Default,LH,cortex,BAT,1,725,725.0,-0.20118,0.04772,-2.58061,0.01356,0.77462,-0.76098,0.10946,0.94728,0.34892,0.83413,1.0,0.02092,42
76,LH_Default_Temp_3,Default,LH,cortex,BAT,1,879,879.0,-0.27982,-0.19194,-1.95019,0.05811,0.89977,-0.57508,0.08874,1.54861,0.12898,0.77211,1.0,0.05402,42
77,LH_Default_Temp_4,Default,LH,cortex,BAT,1,736,736.0,-0.3964,-0.34173,-1.21161,0.23237,0.9771,-0.35728,0.13508,2.71769,0.00951,0.77211,1.0,0.14955,42
78,LH_Default_Temp_5,Default,LH,cortex,BAT,1,711,711.0,-0.38713,-0.34917,-0.75449,0.45468,0.9771,-0.22249,0.11107,1.81234,0.07709,0.77211,1.0,0.07253,42
79,LH_Default_Par_1,Default,LH,cortex,BAT,1,499,499.0,-0.30537,-0.33385,0.38789,0.70014,0.9771,0.11438,0.03651,0.42081,0.67604,0.92714,1.0,0.0042,42
80,LH_Default_Par_2,Default,LH,cortex,BAT,1,365,365.0,-0.43693,-0.52287,1.6086,0.11509,0.9771,0.47435,-0.05961,-0.87993,0.3839,0.83413,1.0,0.0181,42
81,LH_Default_Par_3,Default,LH,cortex,BAT,1,272,272.0,-0.56853,-0.58352,0.25657,0.79871,0.99482,0.07566,0.05472,0.77587,0.44217,0.88435,1.0,0.01413,42
82,LH_Default_Par_4,Default,LH,cortex,BAT,1,743,743.0,-0.42389,-0.4664,0.71812,0.47653,0.9771,0.21176,0.0431,0.59772,0.55323,0.90948,1.0,0.00843,42
83,LH_Default_PFC_1,Default,LH,cortex,BAT,1,584,584.0,-0.08798,0.05485,-2.12371,0.03984,0.86045,-0.62625,0.18114,2.1376,0.03841,0.77211,1.0,0.09812,42
84,LH_Default_PFC_2,Default,LH,cortex,BAT,1,555,555.0,0.287,0.32539,-0.32717,0.74511,0.9771,-0.09648,-0.0844,-0.57738,0.56676,0.90948,1.0,0.00787,42
85,LH_Default_PFC_3,Default,LH,cortex,BAT,1,399,399.0,-0.22514,-0.21717,-0.12846,0.89837,0.99482,-0.03788,0.05721,0.73716,0.46512,0.89141,1.0,0.01277,42
86,LH_Default_PFC_4,Default,LH,cortex,BAT,1,907,907.0,-0.08981,-0.10257,0.23035,0.81893,0.99482,0.06793,-0.04476,-0.63796,0.52697,0.90948,1.0,0.0096,42
87,LH_Default_PFC_5,Default,LH,cortex,BAT,1,723,723.0,-0.28271,-0.31464,0.6582,0.51388,0.9771,0.19409,-0.00882,-0.14351,0.88657,0.97993,1.0,0.00049,42
88,LH_Default_PFC_6,Default,LH,cortex,BAT,1,623,623.0,-0.03726,-0.11892,0.7492,0.45807,0.9771,0.22093,-0.06389,-0.46348,0.64541,0.90948,1.0,0.00509,42
89,LH_Default_PFC_7,Default,LH,cortex,BAT,1,853,853.0,-0.12984,-0.16877,0.54421,0.58931,0.9771,0.16048,0.03581,0.40888,0.6847,0.92915,1.0,0.00396,42
90,LH_Default_PFC_8,Default,LH,cortex,BAT,1,607,607.0,-0.27116,-0.3015,0.3994,0.69175,0.9771,0.11778,0.01547,0.1616,0.87239,0.97993,1.0,0.00062,42
91,LH_Default_PFC_9,Default,LH,cortex,BAT,1,585,585.0,-0.17523,-0.14954,-0.36222,0.71894,0.9771,-0.10681,0.03775,0.41785,0.67819,0.92714,1.0,0.00414,42
92,LH_Default_PFC_10,Default,LH,cortex,BAT,1,686,686.0,-0.59146,-0.52893,-1.0723,0.28944,0.9771,-0.3162,0.09762,1.34802,0.18488,0.83387,1.0,0.04147,42
93,LH_Default_PFC_11,Default,LH,cortex,BAT,1,504,504.0,-0.36155,-0.23486,-2.17947,0.03473,0.83351,-0.64269,0.13963,1.88899,0.06581,0.77211,1.0,0.07831,42
94,LH_Default_PFC_12,Default,LH,cortex,BAT,1,834,834.0,-0.15475,-0.03233,-1.92815,0.06059,0.89977,-0.56858,0.11969,1.48804,0.14421,0.77211,1.0,0.05008,42
95,LH_Default_PFC_13,Default,LH,cortex,BAT,1,646,646.0,-0.21928,-0.25283,0.47982,0.63374,0.9771,0.14149,-0.02681,-0.30141,0.76459,0.95645,1.0,0.00216,42
96,LH_Default_pCunPCC_1,Default,LH,cortex,BAT,1,539,539.0,-0.16836,-0.26987,1.07416,0.28878,0.9771,0.31675,-0.00656,-0.05667,0.95508,0.9864,1.0,8e-05,42
97,LH_Default_pCunPCC_2,Default,LH,cortex,BAT,1,702,702.0,-0.50332,-0.49654,-0.07781,0.93835,0.99519,-0.02294,0.15767,1.74221,0.08879,0.77211,1.0,0.0674,42
98,LH_Default_pCunPCC_3,Default,LH,cortex,BAT,1,429,429.0,-0.78895,-0.78388,-0.06248,0.95046,0.99519,-0.01843,0.08587,0.88258,0.38249,0.83413,1.0,0.01821,42
99,LH_Default_pCunPCC_4,Default,LH,cortex,BAT,1,588,588.0,-0.54051,-0.56229,0.34487,0.7319,0.9771,0.1017,-0.00854,-0.11151,0.91174,0.98629,1.0,0.0003,42
100,LH_Default_PHC_1,Default,LH,cortex,BAT,1,683,683.0,0.19768,0.13257,0.7345,0.46655,0.9771,0.21659,-0.19203,-1.77581,0.08301,0.77211,1.0,0.06984,42
101,RH_Vis_1,Visual,RH,cortex,BAT,1,798,798.0,0.00803,-0.11944,1.2714,0.21049,0.9771,0.37491,-0.22796,-1.82152,0.07565,0.77211,1.0,0.07321,42
102,RH_Vis_2,Visual,RH,cortex,BAT,1,657,657.0,-0.07,-0.12785,0.76927,0.44586,0.9771,0.22684,-0.16208,-1.76342,0.0851,0.77211,1.0,0.06894,42
103,RH_Vis_3,Visual,RH,cortex,BAT,1,1280,1280.0,-0.21101,-0.19141,-0.28905,0.7739,0.9771,-0.08524,-0.0011,-0.01309,0.98962,0.98962,1.0,0.0,42
104,RH_Vis_4,Visual,RH,cortex,BAT,1,659,659.0,-0.23798,-0.36562,1.40386,0.16747,0.9771,0.41397,-0.03429,-0.30632,0.76088,0.95645,1.0,0.00223,42
105,RH_Vis_5,Visual,RH,cortex,BAT,1,509,509.0,-0.46113,-0.44787,-0.20067,0.8419,0.99482,-0.05917,-0.02329,-0.28331,0.77833,0.96184,1.0,0.00191,42
106,RH_Vis_6,Visual,RH,cortex,BAT,1,761,761.0,-0.42147,-0.41272,-0.11711,0.90731,0.99482,-0.03453,0.03397,0.36673,0.71566,0.93123,1.0,0.00319,42
107,RH_Vis_7,Visual,RH,cortex,BAT,1,373,373.0,-0.14142,-0.06068,-0.69399,0.49173,0.9771,-0.20465,0.06786,0.46001,0.64788,0.90948,1.0,0.00501,42
108,RH_Vis_8,Visual,RH,cortex,BAT,1,598,598.0,-0.37693,-0.36278,-0.23253,0.81736,0.99482,-0.06857,-0.06545,-0.91043,0.36779,0.83413,1.0,0.01935,42
109,RH_Vis_9,Visual,RH,cortex,BAT,1,759,759.0,-0.1858,-0.22431,0.32497,0.74675,0.9771,0.09583,0.1395,0.9703,0.33745,0.83413,1.0,0.02192,42
110,RH_Vis_10,Visual,RH,cortex,BAT,1,385,385.0,0.01751,0.08635,-0.50567,0.61568,0.9771,-0.14911,0.20784,1.23154,0.22497,0.83413,1.0,0.03485,42
111,RH_Vis_11,Visual,RH,cortex,BAT,1,530,530.0,-0.12905,-0.26545,1.9791,0.0542,0.89977,0.5836,-0.1697,-2.03089,0.04863,0.77211,1.0,0.08942,42
112,RH_Vis_12,Visual,RH,cortex,BAT,1,918,918.0,-0.16848,-0.11414,-0.77341,0.44374,0.9771,-0.22807,0.13226,1.59081,0.11915,0.77211,1.0,0.05683,42
113,RH_Vis_13,Visual,RH,cortex,BAT,1,683,683.0,-0.28031,-0.26683,-0.14564,0.88492,0.99482,-0.04295,0.18042,1.64596,0.10724,0.77211,1.0,0.0606,42
114,RH_Vis_14,Visual,RH,cortex,BAT,1,278,278.0,-0.38707,-0.34443,-0.7178,0.47669,0.9771,-0.21167,0.1319,1.82948,0.07443,0.77211,1.0,0.07381,42
115,RH_Vis_15,Visual,RH,cortex,BAT,1,726,726.0,-0.22754,-0.22693,-0.00917,0.99273,0.99728,-0.0027,-0.0485,-0.58342,0.56273,0.90948,1.0,0.00804,42
116,RH_SomMot_1,Somatomotor,RH,cortex,BAT,1,572,572.0,-0.42378,-0.4015,-0.31553,0.75386,0.9771,-0.09304,0.05306,0.59356,0.55599,0.90948,1.0,0.00832,42
117,RH_SomMot_2,Somatomotor,RH,cortex,BAT,1,459,459.0,-0.60198,-0.60108,-0.01236,0.9902,0.99728,-0.00364,0.01871,0.20046,0.84209,0.97993,1.0,0.00096,42
118,RH_SomMot_3,Somatomotor,RH,cortex,BAT,1,382,382.0,-0.05452,0.05358,-1.15517,0.25431,0.9771,-0.34064,0.23363,2.04795,0.04685,0.77211,1.0,0.09079,42
119,RH_SomMot_4,Somatomotor,RH,cortex,BAT,1,398,398.0,-0.06272,-0.01102,-0.5441,0.58933,0.9771,-0.16045,0.06589,0.56828,0.57287,0.90948,1.0,0.00763,42
120,RH_SomMot_5,Somatomotor,RH,cortex,BAT,1,227,227.0,-0.65969,-0.65469,-0.0606,0.95196,0.99519,-0.01787,-0.09529,-0.9366,0.35432,0.83413,1.0,0.02046,42
121,RH_SomMot_6,Somatomotor,RH,cortex,BAT,1,266,266.0,-0.63596,-0.66402,0.37857,0.70684,0.9771,0.11163,-0.00974,-0.10316,0.91833,0.9864,1.0,0.00025,42
122,RH_SomMot_7,Somatomotor,RH,cortex,BAT,1,643,643.0,-0.47858,-0.56565,1.31398,0.19607,0.9771,0.38747,-0.05572,-0.66651,0.50873,0.90948,1.0,0.01047,42
123,RH_SomMot_8,Somatomotor,RH,cortex,BAT,1,239,239.0,-0.38178,-0.36009,-0.21529,0.83055,0.99482,-0.06348,0.17717,1.47916,0.14656,0.77211,1.0,0.04951,42
124,RH_SomMot_9,Somatomotor,RH,cortex,BAT,1,335,335.0,-0.29406,-0.3608,1.13191,0.26381,0.9771,0.33378,-0.10643,-1.49965,0.14118,0.77211,1.0,0.05083,42
125,RH_SomMot_10,Somatomotor,RH,cortex,BAT,1,356,356.0,-0.28314,-0.40619,1.81596,0.0768,0.92158,0.5355,-0.12548,-1.45564,0.15293,0.78466,1.0,0.04803,42
126,RH_SomMot_11,Somatomotor,RH,cortex,BAT,1,465,465.0,-0.51395,-0.52866,0.15854,0.87476,0.99482,0.04675,0.01576,0.13374,0.89425,0.97993,1.0,0.00043,42
127,RH_SomMot_12,Somatomotor,RH,cortex,BAT,1,344,344.0,-0.038,-0.17499,1.71846,0.09277,0.95424,0.50675,-0.16978,-1.68411,0.09958,0.77211,1.0,0.06326,42
128,RH_SomMot_13,Somatomotor,RH,cortex,BAT,1,230,230.0,0.05729,-0.01849,0.76868,0.44681,0.9771,0.22667,-0.14791,-1.1899,0.24077,0.83413,1.0,0.03261,42
129,RH_SomMot_14,Somatomotor,RH,cortex,BAT,1,496,496.0,-0.02182,-0.07057,0.58305,0.56284,0.9771,0.17193,-0.09683,-0.9198,0.36293,0.83413,1.0,0.01975,42
130,RH_SomMot_15,Somatomotor,RH,cortex,BAT,1,250,250.0,0.09952,-0.0944,1.82826,0.07452,0.92158,0.53913,-0.26079,-1.95108,0.05774,0.77211,1.0,0.0831,42
131,RH_SomMot_16,Somatomotor,RH,cortex,BAT,1,608,608.0,-0.0959,-0.0723,-0.29945,0.76602,0.9771,-0.0883,-0.08076,-0.86963,0.38944,0.83413,1.0,0.01769,42
132,RH_SomMot_17,Somatomotor,RH,cortex,BAT,1,344,344.0,-0.09136,-0.16142,0.72701,0.47109,0.9771,0.21438,-0.06039,-0.4916,0.62556,0.90948,1.0,0.00572,42
133,RH_SomMot_18,Somatomotor,RH,cortex,BAT,1,679,679.0,-0.02326,-0.19113,1.66423,0.10321,0.96924,0.49075,-0.18948,-1.48162,0.14591,0.77211,1.0,0.04967,42
134,RH_SomMot_19,Somatomotor,RH,cortex,BAT,1,227,227.0,0.04488,-0.13384,1.72357,0.09188,0.95424,0.50825,-0.20729,-1.57348,0.12311,0.77211,1.0,0.05567,42
135,RH_DorsAttn_Post_1,DorsAttn,RH,cortex,BAT,1,1133,1133.0,-0.31783,-0.31568,-0.03725,0.97046,0.99605,-0.01098,-0.09048,-1.32127,0.19356,0.83387,1.0,0.03991,42
136,RH_DorsAttn_Post_2,DorsAttn,RH,cortex,BAT,1,841,841.0,-0.40981,-0.50276,1.31454,0.19548,0.9771,0.38764,-0.06499,-0.73773,0.46478,0.89141,1.0,0.01279,42
137,RH_DorsAttn_Post_3,DorsAttn,RH,cortex,BAT,1,329,329.0,-0.60001,-0.63086,0.51858,0.60667,0.9771,0.15292,-0.01246,-0.16455,0.87008,0.97993,1.0,0.00064,42
138,RH_DorsAttn_Post_4,DorsAttn,RH,cortex,BAT,1,367,367.0,-0.5218,-0.43378,-0.9544,0.34511,0.9771,-0.28144,0.00566,0.04922,0.96098,0.9864,1.0,6e-05,42
139,RH_DorsAttn_Post_5,DorsAttn,RH,cortex,BAT,1,413,413.0,-0.30309,-0.33625,0.41509,0.68022,0.9771,0.1224,-0.05219,-0.53022,0.59875,0.90948,1.0,0.00665,42
140,RH_DorsAttn_Post_6,DorsAttn,RH,cortex,BAT,1,281,281.0,-0.39522,-0.45226,0.98983,0.32781,0.9771,0.29188,-0.10288,-1.43775,0.15792,0.78466,1.0,0.04691,42
141,RH_DorsAttn_Post_7,DorsAttn,RH,cortex,BAT,1,514,514.0,-0.18782,-0.19039,0.02824,0.9776,0.99605,0.00833,-0.0598,-0.51954,0.60611,0.90948,1.0,0.00639,42
142,RH_DorsAttn_Post_8,DorsAttn,RH,cortex,BAT,1,666,666.0,-0.19064,-0.22642,0.50839,0.61396,0.9771,0.14991,-0.13326,-1.54981,0.12869,0.77211,1.0,0.0541,42
143,RH_DorsAttn_Post_9,DorsAttn,RH,cortex,BAT,1,668,668.0,-0.24114,-0.21602,-0.33356,0.7403,0.9771,-0.09836,0.03011,0.31402,0.75506,0.95645,1.0,0.00234,42
144,RH_DorsAttn_Post_10,DorsAttn,RH,cortex,BAT,1,431,431.0,0.03984,-0.01233,0.55087,0.58464,0.9771,0.16244,-0.13349,-1.12261,0.26798,0.83413,1.0,0.02913,42
145,RH_DorsAttn_FEF_1,DorsAttn,RH,cortex,BAT,1,494,494.0,-0.24179,-0.2317,-0.15625,0.87655,0.99482,-0.04608,-0.02863,-0.35017,0.72796,0.93531,1.0,0.00291,42
146,RH_DorsAttn_FEF_2,DorsAttn,RH,cortex,BAT,1,602,602.0,-0.28398,-0.1553,-1.67816,0.10136,0.96924,-0.49486,0.08209,0.84613,0.40228,0.84318,1.0,0.01676,42
147,RH_DorsAttn_PrCv_1,DorsAttn,RH,cortex,BAT,1,782,782.0,-0.45107,-0.42286,-0.40586,0.68684,0.9771,-0.11968,0.04239,0.47917,0.6343,0.90948,1.0,0.00544,42
148,RH_SalVentAttn_TempOccPar_1,VentAttn/Sal,RH,cortex,BAT,1,442,442.0,-0.62369,-0.60957,-0.21679,0.8294,0.99482,-0.06393,0.04794,0.58207,0.56363,0.90948,1.0,0.008,42
149,RH_SalVentAttn_TempOccPar_2,VentAttn/Sal,RH,cortex,BAT,1,333,333.0,-0.60948,-0.59066,-0.33409,0.74036,0.9771,-0.09852,0.01023,0.1427,0.88721,0.97993,1.0,0.00048,42
150,RH_SalVentAttn_TempOccPar_3,VentAttn/Sal,RH,cortex,BAT,1,764,764.0,-0.60225,-0.64092,0.72253,0.47389,0.9771,0.21306,-0.13903,-2.29603,0.02673,0.77211,1.0,0.11152,42
151,RH_SalVentAttn_PrC_1,VentAttn/Sal,RH,cortex,BAT,1,360,360.0,-0.42297,-0.48083,0.94944,0.34821,0.9771,0.27998,0.0082,0.10962,0.91323,0.98629,1.0,0.00029,42
152,RH_SalVentAttn_FrOperIns_1,VentAttn/Sal,RH,cortex,BAT,1,367,367.0,0.33896,0.38638,-0.66139,0.51187,0.9771,-0.19503,0.0208,0.23117,0.8183,0.97654,1.0,0.00127,42
153,RH_SalVentAttn_FrOperIns_2,VentAttn/Sal,RH,cortex,BAT,1,722,722.0,-0.18953,-0.19653,0.09777,0.92256,0.99519,0.02883,-0.00655,-0.07286,0.94226,0.9864,1.0,0.00013,42
154,RH_SalVentAttn_FrOperIns_3,VentAttn/Sal,RH,cortex,BAT,1,364,364.0,-0.15157,-0.00878,-1.33443,0.18909,0.9771,-0.3935,-0.01651,-0.13077,0.89658,0.97993,1.0,0.00041,42
155,RH_SalVentAttn_FrOperIns_4,VentAttn/Sal,RH,cortex,BAT,1,877,877.0,-0.25848,-0.23566,-0.37238,0.7114,0.9771,-0.10981,-0.03964,-0.54566,0.58818,0.90948,1.0,0.00704,42
156,RH_SalVentAttn_Med_1,VentAttn/Sal,RH,cortex,BAT,1,727,727.0,-0.59584,-0.59059,-0.07594,0.93983,0.99519,-0.02239,0.10364,1.24502,0.22003,0.83413,1.0,0.03559,42
157,RH_SalVentAttn_Med_2,VentAttn/Sal,RH,cortex,BAT,1,587,587.0,-0.39083,-0.42503,0.37783,0.7074,0.9771,0.11141,-0.0673,-0.59895,0.55242,0.90948,1.0,0.00847,42
158,RH_SalVentAttn_Med_3,VentAttn/Sal,RH,cortex,BAT,1,573,573.0,-0.39021,-0.40608,0.23247,0.81725,0.99482,0.06855,-0.0948,-1.12979,0.26498,0.83413,1.0,0.02949,42
159,RH_Limbic_OFC_1,Limbic,RH,cortex,BAT,1,846,846.0,0.38357,0.53516,-1.1318,0.26409,0.9771,-0.33375,0.2216,1.32111,0.19362,0.83387,1.0,0.0399,42
160,RH_Limbic_OFC_2,Limbic,RH,cortex,BAT,1,735,735.0,-0.03319,0.02016,-0.68587,0.4964,0.9771,-0.20225,0.06751,0.68813,0.49515,0.90948,1.0,0.01115,42
161,RH_Limbic_OFC_3,Limbic,RH,cortex,BAT,1,647,647.0,-0.2622,-0.24194,-0.37358,0.71055,0.9771,-0.11016,-0.00394,-0.0586,0.95355,0.9864,1.0,8e-05,42
162,RH_Limbic_TempPole_1,Limbic,RH,cortex,BAT,1,1025,1025.0,0.36965,0.27062,0.90919,0.3685,0.9771,0.2681,-0.12745,-0.95598,0.34455,0.83413,1.0,0.0213,42
163,RH_Limbic_TempPole_2,Limbic,RH,cortex,BAT,1,1108,1108.0,0.56725,0.35307,1.83668,0.07303,0.92158,0.54161,-0.3903,-2.7584,0.00857,0.77211,1.0,0.15338,42
164,RH_Limbic_TempPole_3,Limbic,RH,cortex,BAT,1,499,499.0,0.31844,0.23251,1.05934,0.29527,0.9771,0.31238,-0.21471,-2.19366,0.03385,0.77211,1.0,0.1028,42
165,RH_Cont_Par_1,Control/FP,RH,cortex,BAT,1,264,264.0,-0.72505,-0.71204,-0.28358,0.77806,0.9771,-0.08362,-0.03527,-0.62315,0.53655,0.90948,1.0,0.00916,42
166,RH_Cont_Par_2,Control/FP,RH,cortex,BAT,1,305,305.0,-0.70813,-0.68157,-0.43704,0.66426,0.9771,-0.12888,-0.0297,-0.3914,0.69748,0.92915,1.0,0.00363,42
167,RH_Cont_Par_3,Control/FP,RH,cortex,BAT,1,613,613.0,-0.47481,-0.50025,0.39031,0.69848,0.9771,0.1151,-0.01071,-0.12908,0.89791,0.97993,1.0,0.0004,42
168,RH_Cont_Temp_1,Control/FP,RH,cortex,BAT,1,659,659.0,-0.61494,-0.5947,-0.34421,0.73239,0.9771,-0.1015,-0.01926,-0.25998,0.79615,0.97032,1.0,0.00161,42
169,RH_Cont_PFCv_1,Control/FP,RH,cortex,BAT,1,242,242.0,-0.18069,-0.12027,-0.65852,0.51363,0.9771,-0.19419,0.04371,0.38015,0.70575,0.92915,1.0,0.00343,42
170,RH_Cont_PFCl_1,Control/FP,RH,cortex,BAT,1,902,902.0,-0.10349,-0.19844,1.33827,0.18813,0.9771,0.39463,-0.15035,-1.68857,0.09871,0.77211,1.0,0.06357,42
171,RH_Cont_PFCl_2,Control/FP,RH,cortex,BAT,1,676,676.0,-0.42041,-0.39034,-0.59529,0.55522,0.9771,-0.17554,0.03938,0.61606,0.54118,0.90948,1.0,0.00896,42
172,RH_Cont_PFCl_3,Control/FP,RH,cortex,BAT,1,876,876.0,-0.56845,-0.49353,-1.20417,0.23497,0.9771,-0.35509,0.05872,0.79292,0.43228,0.87264,1.0,0.01475,42
173,RH_Cont_PFCl_4,Control/FP,RH,cortex,BAT,1,992,992.0,-0.34594,-0.26359,-1.39934,0.16922,0.9771,-0.41264,0.08804,1.18038,0.24449,0.83413,1.0,0.03211,42
174,RH_Cont_PFCl_5,Control/FP,RH,cortex,BAT,1,879,879.0,-0.29402,-0.32697,0.48032,0.63358,0.9771,0.14164,0.03726,0.4961,0.62241,0.90948,1.0,0.00583,42
175,RH_Cont_PFCl_6,Control/FP,RH,cortex,BAT,1,373,373.0,-0.50984,-0.43144,-1.51117,0.13811,0.9771,-0.44562,0.08975,1.43097,0.15984,0.78466,1.0,0.04649,42
176,RH_Cont_PFCl_7,Control/FP,RH,cortex,BAT,1,911,911.0,-0.50195,-0.48626,-0.35876,0.72158,0.9771,-0.10579,0.01376,0.25545,0.79962,0.97032,1.0,0.00155,42
177,RH_Cont_pCun_1,Control/FP,RH,cortex,BAT,1,471,471.0,-0.41356,-0.37235,-0.54402,0.59021,0.9771,-0.16042,0.08903,0.95352,0.34578,0.83413,1.0,0.02119,42
178,RH_Cont_Cing_1,Control/FP,RH,cortex,BAT,1,340,340.0,-0.5134,-0.45102,-0.7177,0.47684,0.9771,-0.21164,0.02634,0.24639,0.80658,0.9733,1.0,0.00144,42
179,RH_Cont_Cing_2,Control/FP,RH,cortex,BAT,1,210,210.0,-0.19908,-0.15767,-0.40182,0.68977,0.9771,-0.11849,0.23782,2.0505,0.04659,0.77211,1.0,0.091,42
180,RH_Cont_PFCmp_1,Control/FP,RH,cortex,BAT,1,636,636.0,-0.48457,-0.46615,-0.28515,0.77687,0.9771,-0.08409,0.07626,0.94193,0.35161,0.83413,1.0,0.02069,42
181,RH_Cont_PFCmp_2,Control/FP,RH,cortex,BAT,1,793,793.0,-0.46762,-0.43014,-0.69806,0.48902,0.9771,-0.20585,0.03932,0.58727,0.56016,0.90948,1.0,0.00814,42
182,RH_Default_Par_1,Default,RH,cortex,BAT,1,533,533.0,-0.42656,-0.46682,0.71326,0.47948,0.9771,0.21033,-0.00991,-0.13854,0.89047,0.97993,1.0,0.00046,42
183,RH_Default_Par_2,Default,RH,cortex,BAT,1,736,736.0,-0.5697,-0.54046,-0.57889,0.56563,0.9771,-0.1707,0.012,0.18885,0.85112,0.97993,1.0,0.00085,42
184,RH_Default_Par_3,Default,RH,cortex,BAT,1,354,354.0,-0.64299,-0.68153,0.7232,0.4742,0.9771,0.21326,-0.00276,-0.04108,0.96743,0.9864,1.0,4e-05,42
185,RH_Default_Temp_1,Default,RH,cortex,BAT,1,926,926.0,0.09537,0.11262,-0.34607,0.731,0.9771,-0.10205,0.022,0.34804,0.72955,0.93531,1.0,0.00288,42
186,RH_Default_Temp_2,Default,RH,cortex,BAT,1,1030,1030.0,-0.2285,-0.14932,-1.17253,0.24751,0.9771,-0.34576,0.04089,0.4781,0.63506,0.90948,1.0,0.00541,42
187,RH_Default_Temp_3,Default,RH,cortex,BAT,1,700,700.0,-0.33953,-0.28398,-1.07084,0.29011,0.9771,-0.31577,0.05261,0.80733,0.42402,0.86405,1.0,0.01528,42
188,RH_Default_Temp_4,Default,RH,cortex,BAT,1,438,438.0,-0.72421,-0.68867,-0.60939,0.5455,0.9771,-0.1797,0.03297,0.44336,0.65978,0.91944,1.0,0.00466,42
189,RH_Default_Temp_5,Default,RH,cortex,BAT,1,462,462.0,-0.46025,-0.34441,-1.76121,0.08517,0.95424,-0.51935,0.10556,1.26028,0.21453,0.83413,1.0,0.03644,42
190,RH_Default_PFCv_1,Default,RH,cortex,BAT,1,930,930.0,-0.49125,-0.49505,0.07684,0.9391,0.99519,0.02266,-0.0018,-0.02853,0.97738,0.9864,1.0,2e-05,42
191,RH_Default_PFCdPFCm_1,Default,RH,cortex,BAT,1,988,988.0,0.28541,0.35677,-0.72463,0.47253,0.9771,-0.21368,0.04805,0.38324,0.70347,0.92915,1.0,0.00348,42
192,RH_Default_PFCdPFCm_2,Default,RH,cortex,BAT,1,591,591.0,-0.05166,0.02687,-0.70414,0.48507,0.9771,-0.20764,0.06725,0.47831,0.63491,0.90948,1.0,0.00542,42
193,RH_Default_PFCdPFCm_3,Default,RH,cortex,BAT,1,114,114.0,-0.04149,0.0061,-0.38836,0.69985,0.9771,-0.11452,0.15262,0.99848,0.32377,0.83413,1.0,0.02319,42
194,RH_Default_PFCdPFCm_4,Default,RH,cortex,BAT,1,1265,1265.0,-0.18192,-0.20901,0.40668,0.68635,0.9771,0.11992,0.03896,0.47097,0.6401,0.90948,1.0,0.00525,42
195,RH_Default_PFCdPFCm_5,Default,RH,cortex,BAT,1,780,780.0,-0.17985,-0.15721,-0.39256,0.69661,0.9771,-0.11576,-0.0114,-0.15914,0.87432,0.97993,1.0,0.0006,42
196,RH_Default_PFCdPFCm_6,Default,RH,cortex,BAT,1,525,525.0,-0.30472,-0.19639,-1.52817,0.13371,0.9771,-0.45063,0.11802,1.33242,0.18991,0.83387,1.0,0.04056,42
197,RH_Default_PFCdPFCm_7,Default,RH,cortex,BAT,1,432,432.0,-0.25721,-0.08405,-2.44561,0.01853,0.77462,-0.72117,0.15218,1.70001,0.09652,0.77211,1.0,0.06438,42
198,RH_Default_pCunPCC_1,Default,RH,cortex,BAT,1,484,484.0,-0.23112,-0.16107,-0.81534,0.41929,0.9771,-0.24043,0.09458,0.87291,0.38768,0.83413,1.0,0.01782,42
199,RH_Default_pCunPCC_2,Default,RH,cortex,BAT,1,924,924.0,-0.57759,-0.52977,-0.67614,0.50249,0.9771,-0.19938,0.08637,1.01994,0.3136,0.83413,1.0,0.02417,42
200,RH_Default_pCunPCC_3,Default,RH,cortex,BAT,1,563,563.0,-0.57831,-0.55675,-0.34435,0.73229,0.9771,-0.10154,0.00547,0.06912,0.94522,0.9864,1.0,0.00011,42
201,Hippocampus-RH,Subcortex,RH,subcortex,BAT,1,699,699.0,0.18239,0.14934,0.40801,0.68536,0.9771,0.12032,-0.12574,-1.28232,0.20676,0.83413,1.0,0.03768,42
202,Amygdala-RH,Subcortex,RH,subcortex,BAT,1,380,380.0,0.42311,0.44201,-0.23406,0.81608,0.99482,-0.06902,-0.00642,-0.06259,0.95039,0.9864,1.0,9e-05,42
203,Thalamus-post-RH,Subcortex,RH,subcortex,BAT,1,387,387.0,-0.06864,0.08615,-1.31135,0.19655,0.9771,-0.3867,0.09866,0.66146,0.51193,0.90948,1.0,0.01031,42
204,Thalamus-ant-RH,Subcortex,RH,subcortex,BAT,1,868,868.0,-0.24565,-0.09952,-1.47181,0.14842,0.9771,-0.43401,0.17042,1.41683,0.16391,0.78675,1.0,0.04562,42
205,Accumbens-RH,Subcortex,RH,subcortex,BAT,1,255,255.0,-0.29068,-0.21358,-0.75322,0.45534,0.9771,-0.22211,-0.13124,-1.11345,0.27185,0.83413,1.0,0.02867,42
206,Pallidum-RH,Subcortex,RH,subcortex,BAT,1,198,198.0,-0.0219,-0.03934,0.16571,0.86924,0.99482,0.04887,-0.1249,-0.97038,0.33741,0.83413,1.0,0.02193,42
207,Putamen-RH,Subcortex,RH,subcortex,BAT,1,940,940.0,-0.43446,-0.39992,-0.31991,0.75059,0.9771,-0.09434,-0.10984,-0.83398,0.40901,0.84318,1.0,0.01629,42
208,Caudate-RH,Subcortex,RH,subcortex,BAT,1,435,435.0,-0.25062,-0.10304,-1.2222,0.22814,0.9771,-0.36041,0.07407,0.48999,0.62669,0.90948,1.0,0.00568,42
209,Hippocampus-LH,Subcortex,LH,subcortex,BAT,1,690,690.0,0.34382,0.34409,-0.00343,0.99728,0.99728,-0.00101,-0.07505,-0.76131,0.45072,0.89141,1.0,0.01361,42
210,Amygdala-LH,Subcortex,LH,subcortex,BAT,1,395,395.0,0.50241,0.51256,-0.13294,0.89488,0.99482,-0.0392,0.04448,0.45924,0.64843,0.90948,1.0,0.005,42
211,Thalamus-post-LH,Subcortex,LH,subcortex,BAT,1,446,446.0,0.10706,0.22961,-1.19501,0.23871,0.9771,-0.35239,0.02123,0.17239,0.86396,0.97993,1.0,0.00071,42
212,Thalamus-ant-LH,Subcortex,LH,subcortex,BAT,1,965,965.0,-0.1482,-0.04517,-1.06611,0.29224,0.9771,-0.31438,0.10586,0.93358,0.35586,0.83413,1.0,0.02033,42
213,Accumbens-LH,Subcortex,LH,subcortex,BAT,1,281,281.0,-0.28467,-0.29389,0.09002,0.92869,0.99519,0.02654,-0.1807,-1.49384,0.14269,0.77211,1.0,0.05045,42
214,Pallidum-LH,Subcortex,LH,subcortex,BAT,1,198,198.0,-0.00939,0.06447,-0.74235,0.46188,0.9771,-0.21891,0.19369,1.58934,0.11948,0.77211,1.0,0.05673,42
215,Putamen-LH,Subcortex,LH,subcortex,BAT,1,919,919.0,-0.41367,-0.35285,-0.71191,0.48031,0.9771,-0.20993,0.11935,1.13345,0.26346,0.83413,1.0,0.02968,42
216,Caudate-LH,Subcortex,LH,subcortex,BAT,1,506,506.0,0.03426,0.1548,-1.12758,0.26561,0.9771,-0.33251,-0.02814,-0.21973,0.82715,0.97993,1.0,0.00115,42
